id_venta;date;id_region;region;tipo_servicio;cantidad;venta_total
1;14/05/2022;R1;QUITO;MOVIL;11;1814
2;23/01/2020;R2;GUAYAQUIL;MOVIL;6;2711
3;26/07/2020;R1;QUITO;MOVIL;9;1080
4;06/02/2022;R2;GUAYAQUIL;FIJO;3;1886
5;20/11/2020;R1;QUITO;FIJO;10;496
6;22/10/2021;R2;GUAYAQUIL;MOVIL;4;1898
7;22/05/2020;R2;GUAYAQUIL;MOVIL;18;2666
8;31/12/2020;R2;GUAYAQUIL;MOVIL;17;1246
9;01/02/2021;R1;QUITO;MOVIL;10;1218
10;12/11/2021;R1;QUITO;FIJO;13;1735
11;22/01/2021;R1;QUITO;FIJO;5;1422
12;09/10/2021;R1;QUITO;MOVIL;17;78
13;11/09/2021;R2;GUAYAQUIL;FIJO;17;481
14;17/07/2020;R1;QUITO;MOVIL;2;490
15;16/09/2021;R1;QUITO;FIJO;11;2008
16;01/06/2021;R1;QUITO;FIJO;8;264
17;21/07/2020;R1;QUITO;MOVIL;9;1826
18;01/03/2022;R1;QUITO;MOVIL;5;2473
19;20/09/2021;R1;QUITO;FIJO;8;92
20;11/04/2022;R1;QUITO;MOVIL;13;2063
21;20/03/2020;R2;GUAYAQUIL;FIJO;3;2812
22;25/11/2021;R1;QUITO;MOVIL;9;828
23;04/10/2020;R1;QUITO;MOVIL;20;546
24;03/01/2020;R1;QUITO;FIJO;4;2797
25;24/12/2021;R2;GUAYAQUIL;FIJO;5;1665
26;14/02/2022;R2;GUAYAQUIL;MOVIL;4;2180
27;21/07/2021;R2;GUAYAQUIL;MOVIL;10;1977
28;15/05/2021;R1;QUITO;MOVIL;7;1926
29;15/10/2020;R2;GUAYAQUIL;MOVIL;10;1772
30;21/02/2022;R1;QUITO;MOVIL;18;2581
31;19/02/2021;R1;QUITO;MOVIL;3;2742
32;25/09/2020;R2;GUAYAQUIL;MOVIL;8;689
33;09/12/2021;R2;GUAYAQUIL;MOVIL;17;1455
34;14/04/2021;R2;GUAYAQUIL;MOVIL;11;1610
35;04/08/2020;R1;QUITO;MOVIL;15;140
36;21/07/2021;R2;GUAYAQUIL;FIJO;13;107
37;05/02/2022;R2;GUAYAQUIL;FIJO;5;1041
38;28/12/2020;R2;GUAYAQUIL;FIJO;12;874
39;21/07/2020;R1;QUITO;MOVIL;13;2792
40;30/12/2020;R1;QUITO;MOVIL;12;334
41;26/12/2021;R2;GUAYAQUIL;FIJO;9;2646
42;19/05/2020;R1;QUITO;FIJO;1;1731
43;07/09/2020;R1;QUITO;FIJO;7;1231
44;19/06/2021;R2;GUAYAQUIL;MOVIL;6;2789
45;13/04/2022;R1;QUITO;FIJO;3;2277
46;25/10/2021;R1;QUITO;FIJO;17;163
47;26/05/2022;R1;QUITO;FIJO;4;484
48;15/03/2020;R1;QUITO;FIJO;8;2009
49;21/04/2020;R1;QUITO;FIJO;16;1727
50;10/09/2021;R1;QUITO;MOVIL;8;1579
51;11/12/2021;R2;GUAYAQUIL;MOVIL;19;1165
52;12/02/2020;R2;GUAYAQUIL;FIJO;7;1153
53;24/10/2020;R2;GUAYAQUIL;FIJO;5;926
54;08/02/2020;R1;QUITO;MOVIL;16;2267
55;25/04/2022;R2;GUAYAQUIL;FIJO;12;1981
56;17/02/2020;R2;GUAYAQUIL;MOVIL;19;2677
57;27/06/2021;R2;GUAYAQUIL;MOVIL;20;1919
58;12/03/2020;R1;QUITO;FIJO;5;33
59;29/03/2022;R2;GUAYAQUIL;FIJO;19;2433
60;28/05/2020;R1;QUITO;FIJO;6;1106
61;19/04/2021;R1;QUITO;FIJO;17;1187
62;27/01/2021;R1;QUITO;FIJO;7;1697
63;28/04/2022;R2;GUAYAQUIL;FIJO;3;1093
64;20/10/2020;R2;GUAYAQUIL;FIJO;1;2234
65;19/03/2021;R1;QUITO;MOVIL;8;230
66;24/06/2020;R1;QUITO;FIJO;12;2941
67;29/01/2022;R2;GUAYAQUIL;FIJO;7;2833
68;20/08/2020;R2;GUAYAQUIL;FIJO;11;2351
69;11/05/2021;R2;GUAYAQUIL;FIJO;14;1545
70;23/09/2021;R1;QUITO;FIJO;13;19
71;08/05/2022;R2;GUAYAQUIL;FIJO;2;2493
72;19/01/2020;R1;QUITO;MOVIL;9;922
73;18/11/2020;R1;QUITO;FIJO;13;820
74;20/02/2021;R1;QUITO;FIJO;20;1561
75;17/07/2020;R1;QUITO;FIJO;8;360
76;08/05/2022;R2;GUAYAQUIL;FIJO;10;978
77;31/03/2020;R2;GUAYAQUIL;FIJO;11;2843
78;09/02/2022;R2;GUAYAQUIL;MOVIL;7;1454
79;11/09/2020;R2;GUAYAQUIL;FIJO;8;2162
80;26/12/2020;R1;QUITO;MOVIL;20;755
81;08/03/2020;R2;GUAYAQUIL;FIJO;9;1971
82;04/07/2020;R1;QUITO;MOVIL;5;2835
83;26/11/2021;R1;QUITO;MOVIL;14;1593
84;02/08/2020;R2;GUAYAQUIL;FIJO;9;1816
85;30/04/2022;R2;GUAYAQUIL;FIJO;16;2525
86;24/08/2021;R1;QUITO;FIJO;11;2185
87;03/01/2020;R2;GUAYAQUIL;MOVIL;20;699
88;07/02/2022;R2;GUAYAQUIL;MOVIL;7;2460
89;20/01/2021;R2;GUAYAQUIL;MOVIL;6;34
90;27/10/2020;R2;GUAYAQUIL;FIJO;2;1992
91;25/04/2020;R2;GUAYAQUIL;MOVIL;15;568
92;03/03/2020;R1;QUITO;MOVIL;18;2386
93;03/01/2022;R1;QUITO;MOVIL;20;2917
94;18/02/2021;R1;QUITO;FIJO;4;857
95;20/05/2021;R2;GUAYAQUIL;FIJO;13;1738
96;18/05/2021;R1;QUITO;FIJO;14;2084
97;14/01/2022;R1;QUITO;MOVIL;11;1800
98;25/01/2022;R2;GUAYAQUIL;FIJO;6;539
99;03/02/2020;R2;GUAYAQUIL;MOVIL;10;67
100;16/06/2020;R2;GUAYAQUIL;MOVIL;17;804
101;18/12/2020;R1;QUITO;MOVIL;15;603
102;16/01/2021;R1;QUITO;MOVIL;10;984
103;11/03/2021;R2;GUAYAQUIL;FIJO;9;1508
104;02/11/2021;R1;QUITO;FIJO;12;1810
105;18/11/2021;R2;GUAYAQUIL;MOVIL;8;1751
106;03/04/2021;R2;GUAYAQUIL;FIJO;16;2036
107;13/12/2020;R1;QUITO;FIJO;13;955
108;21/06/2021;R2;GUAYAQUIL;MOVIL;3;1200
109;26/07/2020;R2;GUAYAQUIL;MOVIL;14;1471
110;17/04/2022;R2;GUAYAQUIL;FIJO;20;1319
111;10/04/2020;R2;GUAYAQUIL;FIJO;2;1736
112;17/03/2020;R1;QUITO;MOVIL;3;1380
113;11/01/2022;R2;GUAYAQUIL;MOVIL;4;1772
114;11/03/2021;R1;QUITO;FIJO;15;745
115;07/08/2020;R2;GUAYAQUIL;FIJO;17;1773
116;23/04/2021;R1;QUITO;MOVIL;17;2677
117;05/07/2020;R1;QUITO;MOVIL;13;1577
118;25/09/2020;R1;QUITO;FIJO;5;2748
119;27/11/2020;R1;QUITO;MOVIL;12;549
120;11/01/2021;R2;GUAYAQUIL;MOVIL;3;1332
121;03/08/2021;R2;GUAYAQUIL;FIJO;9;1914
122;16/05/2021;R2;GUAYAQUIL;MOVIL;6;985
123;22/10/2020;R2;GUAYAQUIL;FIJO;4;1667
124;28/12/2021;R1;QUITO;MOVIL;15;1015
125;10/03/2020;R2;GUAYAQUIL;FIJO;15;2835
126;20/04/2021;R2;GUAYAQUIL;FIJO;10;2119
127;23/10/2020;R1;QUITO;FIJO;12;2557
128;27/10/2020;R1;QUITO;FIJO;16;2107
129;17/01/2020;R2;GUAYAQUIL;FIJO;13;2382
130;09/03/2021;R2;GUAYAQUIL;FIJO;12;707
131;24/11/2020;R2;GUAYAQUIL;MOVIL;4;1143
132;17/04/2022;R1;QUITO;FIJO;5;2806
133;14/07/2020;R2;GUAYAQUIL;MOVIL;11;29
134;17/03/2021;R2;GUAYAQUIL;MOVIL;10;1254
135;10/01/2020;R2;GUAYAQUIL;FIJO;6;1725
136;03/11/2020;R1;QUITO;FIJO;8;1809
137;13/04/2021;R1;QUITO;MOVIL;7;284
138;13/10/2020;R2;GUAYAQUIL;MOVIL;9;2655
139;11/04/2021;R1;QUITO;MOVIL;19;2279
140;24/12/2020;R1;QUITO;MOVIL;10;1985
141;16/10/2020;R1;QUITO;MOVIL;3;2428
142;25/04/2021;R1;QUITO;FIJO;6;601
143;05/09/2021;R2;GUAYAQUIL;FIJO;4;2614
144;24/05/2020;R2;GUAYAQUIL;FIJO;15;2640
145;17/10/2020;R1;QUITO;FIJO;1;2641
146;28/05/2020;R1;QUITO;MOVIL;4;1491
147;14/05/2020;R1;QUITO;FIJO;18;2020
148;28/01/2021;R1;QUITO;MOVIL;6;253
149;24/06/2021;R1;QUITO;MOVIL;3;2179
150;21/01/2021;R2;GUAYAQUIL;MOVIL;19;600
151;05/10/2021;R2;GUAYAQUIL;FIJO;16;2755
152;08/05/2021;R2;GUAYAQUIL;FIJO;19;1714
153;21/01/2021;R2;GUAYAQUIL;FIJO;5;2640
154;02/01/2021;R1;QUITO;FIJO;7;1569
155;13/02/2021;R1;QUITO;MOVIL;4;1011
156;01/04/2020;R1;QUITO;FIJO;12;832
157;10/04/2020;R1;QUITO;MOVIL;9;1881
158;17/11/2020;R2;GUAYAQUIL;FIJO;8;158
159;02/02/2022;R1;QUITO;FIJO;1;2232
160;02/04/2021;R1;QUITO;FIJO;18;1949
161;07/10/2021;R2;GUAYAQUIL;MOVIL;2;933
162;17/01/2021;R2;GUAYAQUIL;MOVIL;20;2244
163;07/07/2020;R1;QUITO;FIJO;16;2675
164;13/05/2022;R1;QUITO;MOVIL;16;1307
165;30/04/2022;R2;GUAYAQUIL;FIJO;19;1552
166;10/04/2021;R2;GUAYAQUIL;MOVIL;16;1192
167;24/05/2020;R1;QUITO;FIJO;8;102
168;05/07/2020;R1;QUITO;MOVIL;14;2448
169;16/03/2022;R2;GUAYAQUIL;MOVIL;1;978
170;17/11/2021;R2;GUAYAQUIL;MOVIL;11;1292
171;27/06/2021;R2;GUAYAQUIL;MOVIL;17;1534
172;27/05/2020;R1;QUITO;FIJO;2;2742
173;23/10/2020;R1;QUITO;MOVIL;14;2778
174;24/05/2021;R2;GUAYAQUIL;MOVIL;12;1824
175;06/02/2022;R2;GUAYAQUIL;MOVIL;4;1672
176;05/06/2021;R2;GUAYAQUIL;FIJO;18;966
177;14/03/2020;R1;QUITO;MOVIL;2;2840
178;03/04/2022;R2;GUAYAQUIL;MOVIL;14;1575
179;12/01/2020;R2;GUAYAQUIL;MOVIL;9;2867
180;01/03/2021;R1;QUITO;FIJO;15;2879
181;30/10/2020;R2;GUAYAQUIL;MOVIL;11;1543
182;30/01/2020;R2;GUAYAQUIL;MOVIL;1;1165
183;14/12/2021;R2;GUAYAQUIL;FIJO;13;137
184;18/02/2022;R1;QUITO;MOVIL;4;670
185;21/10/2020;R1;QUITO;FIJO;19;1930
186;08/04/2021;R1;QUITO;MOVIL;3;813
187;25/03/2021;R2;GUAYAQUIL;MOVIL;6;2599
188;26/10/2020;R2;GUAYAQUIL;FIJO;14;2739
189;01/05/2021;R1;QUITO;FIJO;15;1173
190;10/09/2021;R1;QUITO;MOVIL;16;2265
191;22/03/2022;R2;GUAYAQUIL;FIJO;1;221
192;22/01/2021;R1;QUITO;FIJO;3;2727
193;02/12/2020;R2;GUAYAQUIL;MOVIL;9;2814
194;09/06/2021;R1;QUITO;MOVIL;20;1013
195;05/11/2021;R1;QUITO;FIJO;19;2410
196;07/08/2021;R2;GUAYAQUIL;MOVIL;11;1391
197;01/07/2020;R2;GUAYAQUIL;FIJO;12;701
198;17/12/2021;R2;GUAYAQUIL;FIJO;5;152
199;16/07/2021;R1;QUITO;FIJO;14;797
200;11/02/2020;R1;QUITO;FIJO;12;557
201;25/03/2020;R2;GUAYAQUIL;MOVIL;4;1431
202;01/05/2020;R2;GUAYAQUIL;FIJO;15;2554
203;15/05/2021;R1;QUITO;FIJO;1;1344
204;21/02/2021;R2;GUAYAQUIL;FIJO;2;2001
205;13/07/2020;R1;QUITO;MOVIL;11;2082
206;15/09/2020;R2;GUAYAQUIL;FIJO;19;1314
207;06/08/2020;R1;QUITO;MOVIL;17;2871
208;18/01/2020;R2;GUAYAQUIL;FIJO;17;2755
209;26/05/2020;R2;GUAYAQUIL;MOVIL;3;71
210;26/09/2021;R2;GUAYAQUIL;FIJO;13;2344
211;16/01/2022;R1;QUITO;FIJO;9;820
212;17/07/2021;R1;QUITO;MOVIL;17;2376
213;05/03/2020;R2;GUAYAQUIL;MOVIL;10;1827
214;11/08/2021;R1;QUITO;FIJO;16;2118
215;23/01/2021;R1;QUITO;MOVIL;4;2951
216;16/07/2021;R1;QUITO;FIJO;8;892
217;31/03/2022;R2;GUAYAQUIL;MOVIL;11;674
218;01/04/2021;R1;QUITO;MOVIL;10;314
219;16/05/2021;R2;GUAYAQUIL;MOVIL;7;2599
220;13/07/2021;R2;GUAYAQUIL;FIJO;2;284
221;23/08/2020;R2;GUAYAQUIL;FIJO;19;2341
222;12/05/2020;R2;GUAYAQUIL;FIJO;3;206
223;10/09/2020;R1;QUITO;MOVIL;14;2547
224;10/11/2021;R2;GUAYAQUIL;MOVIL;19;749
225;22/04/2021;R2;GUAYAQUIL;MOVIL;17;631
226;14/09/2021;R2;GUAYAQUIL;FIJO;16;1398
227;27/04/2021;R1;QUITO;MOVIL;16;2624
228;28/01/2020;R2;GUAYAQUIL;FIJO;18;2959
229;07/05/2021;R1;QUITO;MOVIL;16;2754
230;18/12/2020;R1;QUITO;FIJO;14;1957
231;15/02/2022;R2;GUAYAQUIL;FIJO;20;2715
232;29/03/2022;R1;QUITO;FIJO;5;1272
233;06/08/2021;R2;GUAYAQUIL;FIJO;9;1370
234;18/07/2021;R2;GUAYAQUIL;MOVIL;8;2761
235;03/05/2022;R2;GUAYAQUIL;FIJO;9;376
236;13/07/2021;R2;GUAYAQUIL;MOVIL;14;1862
237;20/07/2021;R2;GUAYAQUIL;FIJO;9;463
238;19/07/2021;R2;GUAYAQUIL;FIJO;14;40
239;07/04/2021;R1;QUITO;MOVIL;6;1278
240;30/11/2020;R1;QUITO;FIJO;9;2261
241;19/01/2021;R2;GUAYAQUIL;MOVIL;8;2336
242;04/04/2021;R1;QUITO;FIJO;8;329
243;08/03/2020;R2;GUAYAQUIL;MOVIL;16;535
244;20/03/2021;R2;GUAYAQUIL;MOVIL;16;2553
245;30/05/2020;R2;GUAYAQUIL;FIJO;8;956
246;26/09/2021;R2;GUAYAQUIL;MOVIL;12;2646
247;14/10/2021;R1;QUITO;MOVIL;13;1672
248;11/05/2021;R1;QUITO;FIJO;6;2828
249;12/08/2021;R1;QUITO;MOVIL;2;1315
250;23/04/2022;R2;GUAYAQUIL;FIJO;13;898
251;07/12/2020;R1;QUITO;MOVIL;16;2889
252;14/09/2021;R1;QUITO;MOVIL;9;1217
253;11/02/2020;R1;QUITO;MOVIL;14;1031
254;16/08/2020;R1;QUITO;FIJO;5;2929
255;10/09/2021;R1;QUITO;FIJO;20;156
256;01/01/2022;R2;GUAYAQUIL;MOVIL;9;1082
257;31/05/2021;R1;QUITO;FIJO;16;2472
258;21/05/2021;R1;QUITO;FIJO;7;1069
259;31/05/2020;R1;QUITO;FIJO;15;2867
260;18/05/2022;R2;GUAYAQUIL;MOVIL;8;871
261;16/06/2020;R2;GUAYAQUIL;MOVIL;1;2550
262;19/04/2021;R2;GUAYAQUIL;FIJO;14;1220
263;19/03/2022;R1;QUITO;FIJO;14;252
264;18/06/2020;R2;GUAYAQUIL;FIJO;19;46
265;28/01/2020;R2;GUAYAQUIL;MOVIL;19;916
266;02/01/2020;R1;QUITO;FIJO;11;1740
267;20/01/2021;R2;GUAYAQUIL;FIJO;18;846
268;27/07/2020;R1;QUITO;FIJO;5;2411
269;18/04/2020;R1;QUITO;MOVIL;3;1596
270;16/06/2020;R2;GUAYAQUIL;MOVIL;17;932
271;27/11/2020;R2;GUAYAQUIL;FIJO;17;1278
272;18/02/2020;R1;QUITO;FIJO;4;1802
273;16/08/2020;R2;GUAYAQUIL;MOVIL;12;241
274;26/10/2021;R1;QUITO;FIJO;10;1704
275;22/05/2021;R1;QUITO;FIJO;9;2505
276;28/06/2020;R1;QUITO;FIJO;12;2186
277;17/04/2020;R1;QUITO;MOVIL;2;268
278;20/03/2022;R2;GUAYAQUIL;MOVIL;12;982
279;07/08/2020;R1;QUITO;MOVIL;20;1402
280;11/09/2020;R2;GUAYAQUIL;FIJO;17;1330
281;27/04/2020;R2;GUAYAQUIL;FIJO;7;1918
282;16/02/2020;R2;GUAYAQUIL;FIJO;11;638
283;29/03/2021;R2;GUAYAQUIL;FIJO;4;591
284;01/09/2020;R1;QUITO;FIJO;19;1241
285;15/03/2021;R1;QUITO;MOVIL;2;1769
286;05/04/2020;R1;QUITO;MOVIL;13;1781
287;17/07/2020;R1;QUITO;FIJO;20;1596
288;23/01/2020;R1;QUITO;FIJO;8;108
289;10/08/2020;R2;GUAYAQUIL;MOVIL;11;2725
290;03/11/2020;R1;QUITO;MOVIL;2;2310
291;14/10/2021;R1;QUITO;FIJO;19;196
292;04/04/2020;R2;GUAYAQUIL;FIJO;1;542
293;03/03/2020;R2;GUAYAQUIL;MOVIL;17;711
294;24/09/2021;R1;QUITO;FIJO;9;1519
295;01/12/2020;R2;GUAYAQUIL;MOVIL;1;1680
296;21/01/2021;R2;GUAYAQUIL;MOVIL;10;694
297;14/07/2020;R1;QUITO;MOVIL;18;2557
298;22/07/2021;R2;GUAYAQUIL;FIJO;10;1356
299;14/02/2020;R2;GUAYAQUIL;MOVIL;15;1107
300;23/06/2020;R2;GUAYAQUIL;FIJO;7;2554
301;06/12/2020;R1;QUITO;MOVIL;16;126
302;08/09/2020;R2;GUAYAQUIL;FIJO;1;1207
303;17/08/2020;R2;GUAYAQUIL;MOVIL;17;167
304;27/06/2020;R1;QUITO;MOVIL;17;1037
305;06/08/2021;R2;GUAYAQUIL;MOVIL;1;2997
306;07/03/2020;R1;QUITO;FIJO;17;1171
307;26/10/2020;R1;QUITO;FIJO;10;103
308;19/10/2021;R2;GUAYAQUIL;FIJO;5;1958
309;19/03/2022;R2;GUAYAQUIL;FIJO;4;1763
310;02/06/2020;R1;QUITO;MOVIL;12;1272
311;04/05/2020;R2;GUAYAQUIL;FIJO;6;1561
312;04/05/2020;R2;GUAYAQUIL;FIJO;7;1745
313;10/01/2022;R2;GUAYAQUIL;FIJO;4;928
314;10/04/2020;R1;QUITO;FIJO;3;1552
315;14/07/2021;R1;QUITO;FIJO;8;1723
316;05/11/2021;R1;QUITO;FIJO;4;817
317;12/06/2021;R1;QUITO;MOVIL;19;1856
318;10/05/2021;R2;GUAYAQUIL;FIJO;3;1288
319;09/10/2020;R1;QUITO;FIJO;18;1379
320;03/01/2021;R2;GUAYAQUIL;MOVIL;7;1381
321;26/12/2020;R1;QUITO;MOVIL;11;1118
322;11/04/2021;R2;GUAYAQUIL;MOVIL;9;2623
323;23/06/2020;R1;QUITO;MOVIL;1;2570
324;22/08/2020;R2;GUAYAQUIL;MOVIL;14;625
325;01/09/2021;R1;QUITO;FIJO;5;2303
326;08/02/2022;R2;GUAYAQUIL;MOVIL;4;2899
327;17/02/2021;R2;GUAYAQUIL;MOVIL;6;510
328;31/10/2020;R1;QUITO;FIJO;14;2033
329;23/06/2020;R1;QUITO;FIJO;11;2134
330;24/10/2021;R1;QUITO;MOVIL;3;2290
331;12/06/2020;R2;GUAYAQUIL;MOVIL;7;1694
332;13/11/2020;R1;QUITO;MOVIL;10;1699
333;15/08/2021;R1;QUITO;MOVIL;5;1767
334;21/01/2021;R1;QUITO;MOVIL;18;1374
335;27/09/2020;R2;GUAYAQUIL;FIJO;4;642
336;02/05/2020;R1;QUITO;MOVIL;15;1887
337;25/04/2021;R2;GUAYAQUIL;FIJO;6;1381
338;17/04/2022;R1;QUITO;MOVIL;7;2941
339;12/03/2022;R2;GUAYAQUIL;FIJO;14;2298
340;26/02/2020;R2;GUAYAQUIL;MOVIL;9;312
341;16/02/2022;R1;QUITO;FIJO;5;1887
342;12/12/2021;R1;QUITO;MOVIL;4;140
343;02/02/2021;R1;QUITO;MOVIL;8;1898
344;17/03/2020;R2;GUAYAQUIL;FIJO;1;2626
345;27/11/2021;R1;QUITO;FIJO;15;2159
346;13/12/2021;R1;QUITO;MOVIL;8;870
347;12/06/2020;R1;QUITO;FIJO;17;2621
348;08/05/2021;R1;QUITO;MOVIL;18;2973
349;27/01/2021;R2;GUAYAQUIL;FIJO;1;2622
350;25/01/2021;R1;QUITO;FIJO;14;2129
351;08/07/2020;R2;GUAYAQUIL;FIJO;4;917
352;08/07/2021;R1;QUITO;FIJO;15;2680
353;17/05/2021;R2;GUAYAQUIL;FIJO;14;546
354;04/10/2020;R2;GUAYAQUIL;MOVIL;16;1880
355;12/07/2021;R2;GUAYAQUIL;FIJO;8;139
356;01/05/2020;R1;QUITO;MOVIL;7;2417
357;13/12/2020;R1;QUITO;MOVIL;5;591
358;11/07/2021;R1;QUITO;MOVIL;13;342
359;05/12/2021;R2;GUAYAQUIL;MOVIL;4;811
360;24/12/2021;R2;GUAYAQUIL;MOVIL;3;2233
361;21/09/2021;R1;QUITO;MOVIL;17;190
362;09/01/2021;R1;QUITO;MOVIL;15;53
363;18/05/2022;R1;QUITO;MOVIL;12;1529
364;27/03/2022;R2;GUAYAQUIL;FIJO;7;862
365;29/07/2021;R2;GUAYAQUIL;MOVIL;1;2584
366;16/04/2020;R2;GUAYAQUIL;FIJO;11;612
367;18/06/2021;R1;QUITO;FIJO;7;427
368;22/10/2021;R1;QUITO;MOVIL;6;2603
369;26/02/2022;R2;GUAYAQUIL;MOVIL;2;84
370;17/03/2021;R1;QUITO;MOVIL;19;1404
371;13/09/2020;R2;GUAYAQUIL;FIJO;16;1935
372;14/01/2020;R2;GUAYAQUIL;FIJO;14;515
373;17/05/2021;R2;GUAYAQUIL;FIJO;17;230
374;16/04/2020;R2;GUAYAQUIL;MOVIL;3;2447
375;14/04/2020;R1;QUITO;FIJO;11;1442
376;02/02/2022;R2;GUAYAQUIL;MOVIL;1;823
377;24/12/2021;R1;QUITO;MOVIL;3;296
378;17/10/2020;R2;GUAYAQUIL;FIJO;1;2905
379;30/08/2020;R2;GUAYAQUIL;MOVIL;16;909
380;02/07/2021;R1;QUITO;MOVIL;3;993
381;03/12/2020;R2;GUAYAQUIL;MOVIL;5;2368
382;13/02/2021;R1;QUITO;MOVIL;16;1034
383;31/01/2022;R1;QUITO;MOVIL;8;1742
384;12/03/2020;R1;QUITO;FIJO;1;546
385;26/04/2021;R1;QUITO;FIJO;2;1504
386;26/06/2020;R1;QUITO;MOVIL;1;1413
387;19/05/2021;R2;GUAYAQUIL;MOVIL;10;2725
388;04/03/2022;R2;GUAYAQUIL;MOVIL;12;2320
389;20/10/2021;R1;QUITO;MOVIL;1;2947
390;22/12/2020;R2;GUAYAQUIL;MOVIL;17;1360
391;15/02/2022;R2;GUAYAQUIL;MOVIL;2;589
392;30/01/2020;R1;QUITO;FIJO;8;2884
393;05/07/2020;R2;GUAYAQUIL;MOVIL;9;1764
394;30/04/2021;R2;GUAYAQUIL;MOVIL;17;736
395;17/05/2022;R1;QUITO;FIJO;10;1777
396;09/10/2020;R1;QUITO;MOVIL;10;1265
397;28/06/2021;R1;QUITO;MOVIL;18;1997
398;25/01/2020;R1;QUITO;MOVIL;4;222
399;25/05/2020;R1;QUITO;FIJO;7;249
400;31/03/2021;R2;GUAYAQUIL;FIJO;20;2974
401;09/11/2020;R1;QUITO;FIJO;13;2086
402;23/10/2020;R2;GUAYAQUIL;FIJO;1;2642
403;06/09/2020;R1;QUITO;MOVIL;6;396
404;23/04/2020;R1;QUITO;FIJO;10;1723
405;26/02/2020;R1;QUITO;FIJO;10;1831
406;11/01/2020;R2;GUAYAQUIL;FIJO;19;2777
407;25/02/2020;R1;QUITO;MOVIL;3;2521
408;20/09/2020;R1;QUITO;FIJO;7;363
409;18/11/2021;R2;GUAYAQUIL;MOVIL;19;1173
410;10/05/2021;R1;QUITO;MOVIL;19;2698
411;17/08/2020;R1;QUITO;MOVIL;18;1771
412;11/04/2021;R1;QUITO;MOVIL;10;1218
413;12/03/2022;R2;GUAYAQUIL;FIJO;16;780
414;19/04/2020;R2;GUAYAQUIL;MOVIL;9;1135
415;01/04/2021;R1;QUITO;FIJO;1;2582
416;29/05/2022;R2;GUAYAQUIL;MOVIL;16;44
417;17/05/2021;R1;QUITO;MOVIL;4;759
418;15/12/2021;R2;GUAYAQUIL;FIJO;13;908
419;22/04/2022;R1;QUITO;MOVIL;8;910
420;02/04/2021;R1;QUITO;FIJO;17;2725
421;13/03/2021;R1;QUITO;FIJO;16;1518
422;26/12/2020;R1;QUITO;MOVIL;17;184
423;15/02/2022;R1;QUITO;FIJO;8;866
424;02/10/2021;R2;GUAYAQUIL;MOVIL;4;2847
425;21/06/2021;R2;GUAYAQUIL;FIJO;14;2764
426;26/01/2022;R1;QUITO;MOVIL;18;2516
427;13/05/2020;R2;GUAYAQUIL;FIJO;1;1399
428;23/07/2020;R2;GUAYAQUIL;FIJO;18;420
429;29/10/2020;R1;QUITO;FIJO;14;2146
430;06/09/2021;R1;QUITO;FIJO;2;2718
431;12/11/2021;R2;GUAYAQUIL;FIJO;6;760
432;04/04/2021;R1;QUITO;FIJO;6;1590
433;10/08/2020;R1;QUITO;FIJO;10;2815
434;24/03/2022;R2;GUAYAQUIL;FIJO;3;1432
435;05/09/2021;R2;GUAYAQUIL;MOVIL;10;21
436;07/05/2021;R1;QUITO;MOVIL;9;2291
437;22/12/2020;R2;GUAYAQUIL;FIJO;8;1311
438;09/12/2021;R1;QUITO;MOVIL;12;1240
439;24/03/2022;R1;QUITO;MOVIL;3;648
440;01/08/2021;R1;QUITO;FIJO;7;1026
441;11/04/2020;R1;QUITO;MOVIL;7;820
442;10/01/2021;R2;GUAYAQUIL;FIJO;9;1714
443;29/08/2021;R2;GUAYAQUIL;MOVIL;9;2311
444;13/02/2020;R2;GUAYAQUIL;FIJO;3;2400
445;16/01/2022;R1;QUITO;FIJO;3;2830
446;23/09/2021;R2;GUAYAQUIL;FIJO;18;1395
447;18/07/2021;R2;GUAYAQUIL;MOVIL;5;1025
448;16/10/2021;R1;QUITO;FIJO;9;1452
449;25/05/2020;R1;QUITO;FIJO;10;1632
450;29/08/2021;R1;QUITO;FIJO;9;2130
451;21/05/2022;R2;GUAYAQUIL;FIJO;7;459
452;25/10/2021;R1;QUITO;FIJO;6;542
453;21/10/2021;R1;QUITO;FIJO;18;2006
454;19/11/2020;R1;QUITO;FIJO;8;2623
455;19/03/2021;R1;QUITO;MOVIL;9;456
456;12/12/2021;R1;QUITO;FIJO;15;1664
457;14/01/2022;R2;GUAYAQUIL;FIJO;8;1865
458;15/10/2021;R1;QUITO;FIJO;6;2466
459;22/08/2020;R1;QUITO;FIJO;15;2343
460;22/01/2022;R1;QUITO;MOVIL;14;1829
461;15/05/2022;R1;QUITO;FIJO;11;990
462;14/04/2021;R2;GUAYAQUIL;MOVIL;18;995
463;09/03/2022;R1;QUITO;FIJO;20;1273
464;06/09/2020;R2;GUAYAQUIL;FIJO;4;1068
465;05/03/2021;R1;QUITO;FIJO;2;692
466;25/04/2022;R2;GUAYAQUIL;MOVIL;16;1381
467;27/09/2021;R2;GUAYAQUIL;MOVIL;6;1209
468;27/10/2021;R2;GUAYAQUIL;MOVIL;13;1169
469;03/07/2021;R2;GUAYAQUIL;FIJO;6;600
470;01/03/2022;R2;GUAYAQUIL;FIJO;12;1469
471;05/03/2020;R2;GUAYAQUIL;FIJO;18;903
472;12/08/2020;R1;QUITO;MOVIL;12;2469
473;22/10/2021;R2;GUAYAQUIL;MOVIL;13;2865
474;15/11/2020;R2;GUAYAQUIL;MOVIL;4;2302
475;06/11/2020;R1;QUITO;FIJO;8;2560
476;08/03/2022;R2;GUAYAQUIL;FIJO;10;2980
477;29/05/2022;R2;GUAYAQUIL;MOVIL;15;535
478;28/02/2021;R2;GUAYAQUIL;FIJO;7;2797
479;19/03/2021;R1;QUITO;FIJO;20;125
480;28/01/2020;R1;QUITO;FIJO;4;1534
481;24/06/2020;R1;QUITO;FIJO;14;2996
482;17/06/2021;R2;GUAYAQUIL;MOVIL;16;1686
483;28/10/2021;R1;QUITO;MOVIL;14;1576
484;12/01/2022;R1;QUITO;FIJO;3;2320
485;14/08/2020;R2;GUAYAQUIL;MOVIL;7;2699
486;05/12/2020;R2;GUAYAQUIL;FIJO;7;427
487;25/03/2020;R2;GUAYAQUIL;FIJO;9;2405
488;25/02/2021;R1;QUITO;MOVIL;20;2976
489;10/05/2022;R2;GUAYAQUIL;FIJO;9;1025
490;21/07/2021;R1;QUITO;FIJO;11;500
491;24/10/2021;R1;QUITO;FIJO;5;2337
492;03/10/2021;R1;QUITO;MOVIL;2;1011
493;10/10/2020;R2;GUAYAQUIL;FIJO;18;849
494;07/09/2021;R1;QUITO;MOVIL;9;1691
495;13/09/2021;R2;GUAYAQUIL;FIJO;20;452
496;13/03/2020;R1;QUITO;FIJO;18;1480
497;25/03/2021;R1;QUITO;MOVIL;8;1712
498;15/02/2021;R1;QUITO;MOVIL;13;2700
499;30/11/2020;R1;QUITO;MOVIL;14;1840
500;02/02/2022;R2;GUAYAQUIL;MOVIL;5;61
501;04/05/2020;R2;GUAYAQUIL;FIJO;7;2278
502;05/04/2021;R2;GUAYAQUIL;FIJO;13;1322
503;19/09/2021;R2;GUAYAQUIL;MOVIL;19;827
504;29/08/2021;R2;GUAYAQUIL;MOVIL;17;1739
505;07/10/2021;R2;GUAYAQUIL;MOVIL;6;2792
506;29/08/2020;R1;QUITO;FIJO;10;1632
507;15/12/2021;R1;QUITO;MOVIL;9;102
508;31/07/2021;R2;GUAYAQUIL;FIJO;10;2825
509;19/02/2020;R1;QUITO;FIJO;7;1635
510;09/02/2021;R1;QUITO;FIJO;13;2915
511;04/09/2020;R1;QUITO;FIJO;4;984
512;13/02/2021;R2;GUAYAQUIL;FIJO;1;2205
513;11/01/2021;R2;GUAYAQUIL;MOVIL;13;1754
514;13/03/2020;R1;QUITO;MOVIL;6;1947
515;07/10/2021;R2;GUAYAQUIL;MOVIL;1;1441
516;24/06/2020;R2;GUAYAQUIL;FIJO;14;2208
517;17/05/2021;R1;QUITO;FIJO;15;1326
518;12/05/2020;R1;QUITO;MOVIL;6;1473
519;06/03/2021;R1;QUITO;MOVIL;17;2840
520;09/08/2021;R2;GUAYAQUIL;MOVIL;13;2281
521;29/05/2020;R2;GUAYAQUIL;MOVIL;9;2302
522;05/09/2021;R2;GUAYAQUIL;FIJO;15;1272
523;11/09/2020;R2;GUAYAQUIL;FIJO;12;1863
524;10/01/2020;R2;GUAYAQUIL;FIJO;16;2698
525;19/03/2021;R1;QUITO;FIJO;12;538
526;28/11/2021;R1;QUITO;MOVIL;4;34
527;21/04/2020;R2;GUAYAQUIL;FIJO;7;134
528;25/03/2022;R2;GUAYAQUIL;MOVIL;8;1417
529;28/09/2021;R2;GUAYAQUIL;FIJO;13;354
530;23/04/2022;R1;QUITO;FIJO;2;1489
531;30/10/2021;R1;QUITO;MOVIL;1;1427
532;12/05/2020;R1;QUITO;FIJO;2;858
533;12/08/2020;R2;GUAYAQUIL;MOVIL;14;206
534;26/07/2020;R2;GUAYAQUIL;MOVIL;12;51
535;20/03/2022;R2;GUAYAQUIL;MOVIL;3;1156
536;16/07/2020;R1;QUITO;MOVIL;4;2607
537;01/05/2021;R1;QUITO;FIJO;10;1314
538;31/10/2020;R2;GUAYAQUIL;MOVIL;7;1517
539;23/01/2021;R2;GUAYAQUIL;FIJO;13;115
540;05/08/2021;R2;GUAYAQUIL;FIJO;13;2950
541;21/01/2022;R1;QUITO;MOVIL;10;1463
542;30/05/2020;R2;GUAYAQUIL;MOVIL;14;272
543;09/02/2021;R1;QUITO;FIJO;18;271
544;11/01/2021;R1;QUITO;MOVIL;19;1400
545;19/09/2021;R2;GUAYAQUIL;MOVIL;18;2154
546;14/04/2022;R1;QUITO;FIJO;6;481
547;15/05/2021;R2;GUAYAQUIL;FIJO;7;95
548;11/07/2020;R2;GUAYAQUIL;FIJO;1;84
549;25/01/2022;R2;GUAYAQUIL;MOVIL;7;2261
550;24/05/2022;R2;GUAYAQUIL;FIJO;16;2494
551;22/12/2020;R1;QUITO;MOVIL;3;2253
552;16/01/2022;R1;QUITO;MOVIL;12;2047
553;09/01/2022;R1;QUITO;FIJO;16;795
554;10/03/2020;R2;GUAYAQUIL;MOVIL;11;300
555;26/07/2020;R1;QUITO;MOVIL;1;1427
556;07/06/2021;R1;QUITO;FIJO;1;1596
557;05/07/2020;R1;QUITO;FIJO;9;691
558;09/05/2021;R2;GUAYAQUIL;MOVIL;6;2743
559;17/12/2020;R1;QUITO;MOVIL;15;989
560;13/10/2020;R1;QUITO;FIJO;4;1520
561;07/03/2020;R2;GUAYAQUIL;MOVIL;18;2486
562;04/04/2020;R1;QUITO;MOVIL;2;895
563;06/08/2021;R2;GUAYAQUIL;FIJO;7;945
564;06/07/2020;R1;QUITO;FIJO;9;599
565;20/03/2021;R1;QUITO;MOVIL;10;1851
566;17/04/2020;R2;GUAYAQUIL;FIJO;19;1340
567;19/03/2021;R2;GUAYAQUIL;FIJO;8;1562
568;26/05/2021;R2;GUAYAQUIL;FIJO;6;2557
569;05/05/2020;R2;GUAYAQUIL;MOVIL;12;2898
570;13/08/2020;R2;GUAYAQUIL;FIJO;11;2222
571;01/03/2021;R2;GUAYAQUIL;FIJO;7;2887
572;25/02/2021;R1;QUITO;MOVIL;15;1750
573;04/03/2021;R1;QUITO;MOVIL;2;2623
574;30/01/2020;R2;GUAYAQUIL;MOVIL;12;1980
575;05/03/2020;R1;QUITO;FIJO;13;1125
576;27/12/2021;R1;QUITO;MOVIL;19;648
577;28/10/2020;R1;QUITO;FIJO;15;614
578;20/03/2020;R1;QUITO;FIJO;15;1368
579;20/10/2020;R2;GUAYAQUIL;MOVIL;5;616
580;01/05/2022;R2;GUAYAQUIL;MOVIL;5;2134
581;13/02/2021;R1;QUITO;FIJO;14;2738
582;01/06/2021;R2;GUAYAQUIL;FIJO;19;1348
583;06/10/2020;R2;GUAYAQUIL;FIJO;11;356
584;10/11/2021;R2;GUAYAQUIL;FIJO;13;519
585;04/04/2022;R1;QUITO;FIJO;9;1060
586;07/01/2022;R1;QUITO;FIJO;8;2669
587;28/10/2021;R1;QUITO;FIJO;7;679
588;24/08/2021;R1;QUITO;MOVIL;17;627
589;03/01/2022;R2;GUAYAQUIL;FIJO;5;301
590;06/12/2021;R2;GUAYAQUIL;FIJO;12;328
591;02/06/2021;R1;QUITO;FIJO;17;1355
592;14/12/2021;R2;GUAYAQUIL;FIJO;7;2677
593;19/05/2020;R2;GUAYAQUIL;MOVIL;6;356
594;01/11/2020;R1;QUITO;MOVIL;16;96
595;02/03/2020;R1;QUITO;FIJO;9;2064
596;13/10/2020;R1;QUITO;MOVIL;10;2564
597;18/03/2020;R2;GUAYAQUIL;FIJO;19;2804
598;02/01/2021;R2;GUAYAQUIL;MOVIL;18;748
599;01/05/2020;R1;QUITO;MOVIL;17;2483
600;23/01/2022;R2;GUAYAQUIL;MOVIL;6;575
601;20/11/2021;R1;QUITO;FIJO;1;2190
602;04/03/2021;R1;QUITO;MOVIL;2;2279
603;24/12/2020;R1;QUITO;MOVIL;8;1131
604;29/12/2021;R2;GUAYAQUIL;MOVIL;16;2126
605;27/01/2022;R1;QUITO;MOVIL;10;2139
606;21/12/2021;R1;QUITO;MOVIL;10;1067
607;24/11/2021;R1;QUITO;MOVIL;4;2495
608;04/11/2020;R2;GUAYAQUIL;FIJO;1;284
609;15/03/2022;R1;QUITO;MOVIL;11;2734
610;21/06/2020;R2;GUAYAQUIL;MOVIL;19;1422
611;04/07/2021;R1;QUITO;FIJO;7;1036
612;15/05/2022;R2;GUAYAQUIL;MOVIL;19;1324
613;16/04/2020;R2;GUAYAQUIL;FIJO;2;2582
614;05/02/2020;R2;GUAYAQUIL;FIJO;5;1997
615;09/02/2021;R1;QUITO;MOVIL;9;1781
616;04/04/2022;R2;GUAYAQUIL;MOVIL;13;1302
617;22/02/2022;R1;QUITO;FIJO;12;73
618;04/07/2020;R1;QUITO;FIJO;14;479
619;24/04/2021;R2;GUAYAQUIL;FIJO;9;990
620;29/05/2020;R2;GUAYAQUIL;MOVIL;1;2543
621;23/11/2020;R1;QUITO;FIJO;17;2007
622;13/05/2022;R1;QUITO;MOVIL;18;1645
623;01/07/2021;R1;QUITO;MOVIL;13;888
624;13/03/2021;R2;GUAYAQUIL;MOVIL;13;2343
625;01/11/2021;R2;GUAYAQUIL;MOVIL;9;2029
626;14/01/2022;R2;GUAYAQUIL;FIJO;10;543
627;31/12/2021;R1;QUITO;MOVIL;4;1249
628;01/03/2021;R2;GUAYAQUIL;FIJO;6;2904
629;03/10/2021;R1;QUITO;MOVIL;10;1414
630;22/05/2021;R1;QUITO;MOVIL;17;55
631;04/02/2020;R1;QUITO;FIJO;8;224
632;12/03/2022;R1;QUITO;MOVIL;10;751
633;09/03/2022;R2;GUAYAQUIL;FIJO;15;1216
634;24/04/2021;R2;GUAYAQUIL;MOVIL;11;1557
635;01/03/2021;R2;GUAYAQUIL;FIJO;8;2804
636;16/03/2021;R2;GUAYAQUIL;MOVIL;8;146
637;24/07/2020;R1;QUITO;MOVIL;9;2653
638;14/01/2022;R2;GUAYAQUIL;FIJO;3;1756
639;17/11/2021;R2;GUAYAQUIL;MOVIL;2;821
640;20/05/2022;R2;GUAYAQUIL;MOVIL;17;1929
641;19/01/2022;R2;GUAYAQUIL;MOVIL;4;2341
642;06/02/2022;R2;GUAYAQUIL;FIJO;11;2396
643;25/06/2020;R2;GUAYAQUIL;FIJO;19;1091
644;28/06/2021;R1;QUITO;FIJO;18;1013
645;26/05/2022;R1;QUITO;FIJO;14;592
646;14/12/2021;R2;GUAYAQUIL;FIJO;10;844
647;21/04/2021;R1;QUITO;MOVIL;18;2089
648;10/05/2022;R2;GUAYAQUIL;MOVIL;10;2219
649;19/11/2021;R1;QUITO;FIJO;4;847
650;17/02/2021;R1;QUITO;FIJO;11;653
651;03/05/2020;R2;GUAYAQUIL;FIJO;11;1385
652;18/04/2021;R2;GUAYAQUIL;FIJO;4;2194
653;25/12/2020;R2;GUAYAQUIL;FIJO;8;537
654;20/10/2020;R2;GUAYAQUIL;FIJO;20;2932
655;24/03/2021;R2;GUAYAQUIL;MOVIL;9;437
656;27/02/2022;R1;QUITO;MOVIL;2;1642
657;07/01/2022;R1;QUITO;MOVIL;20;1607
658;30/06/2021;R1;QUITO;MOVIL;18;423
659;23/03/2021;R2;GUAYAQUIL;MOVIL;5;2049
660;06/06/2021;R2;GUAYAQUIL;MOVIL;18;634
661;09/08/2020;R1;QUITO;FIJO;8;1643
662;04/01/2022;R1;QUITO;MOVIL;1;984
663;04/05/2022;R1;QUITO;FIJO;2;1200
664;12/12/2021;R2;GUAYAQUIL;FIJO;1;1603
665;13/12/2020;R1;QUITO;MOVIL;19;821
666;24/01/2022;R1;QUITO;MOVIL;5;58
667;08/01/2022;R2;GUAYAQUIL;MOVIL;15;1225
668;07/08/2020;R1;QUITO;MOVIL;5;443
669;18/06/2021;R2;GUAYAQUIL;MOVIL;1;727
670;03/08/2020;R2;GUAYAQUIL;FIJO;3;1377
671;28/08/2021;R2;GUAYAQUIL;FIJO;8;2446
672;16/08/2021;R2;GUAYAQUIL;MOVIL;15;556
673;30/01/2022;R1;QUITO;MOVIL;18;1411
674;04/02/2022;R2;GUAYAQUIL;FIJO;15;1251
675;30/03/2022;R2;GUAYAQUIL;FIJO;2;1487
676;02/07/2020;R1;QUITO;MOVIL;14;390
677;28/08/2020;R2;GUAYAQUIL;FIJO;1;2881
678;22/05/2020;R2;GUAYAQUIL;MOVIL;19;2096
679;10/03/2022;R2;GUAYAQUIL;MOVIL;6;1425
680;24/11/2020;R2;GUAYAQUIL;FIJO;6;1503
681;09/10/2021;R2;GUAYAQUIL;FIJO;2;1976
682;08/03/2020;R2;GUAYAQUIL;FIJO;3;1559
683;28/12/2020;R1;QUITO;FIJO;18;689
684;04/08/2020;R1;QUITO;MOVIL;14;393
685;27/07/2021;R1;QUITO;MOVIL;13;494
686;22/11/2020;R1;QUITO;MOVIL;2;1695
687;07/02/2020;R1;QUITO;FIJO;19;1180
688;27/11/2020;R1;QUITO;MOVIL;10;2523
689;23/02/2021;R1;QUITO;MOVIL;14;784
690;20/10/2020;R1;QUITO;MOVIL;5;202
691;14/05/2021;R2;GUAYAQUIL;FIJO;8;2552
692;04/11/2021;R1;QUITO;MOVIL;4;2031
693;17/12/2020;R1;QUITO;MOVIL;19;144
694;09/04/2020;R2;GUAYAQUIL;FIJO;8;2966
695;16/01/2022;R2;GUAYAQUIL;FIJO;19;999
696;11/05/2020;R1;QUITO;FIJO;9;2874
697;02/02/2021;R2;GUAYAQUIL;FIJO;3;2237
698;14/01/2021;R2;GUAYAQUIL;FIJO;3;2355
699;19/04/2022;R2;GUAYAQUIL;FIJO;5;62
700;13/01/2020;R1;QUITO;MOVIL;15;2634
701;12/04/2021;R1;QUITO;MOVIL;14;2965
702;11/12/2020;R1;QUITO;FIJO;3;1828
703;31/03/2020;R2;GUAYAQUIL;MOVIL;4;1231
704;03/02/2021;R2;GUAYAQUIL;FIJO;17;2791
705;29/07/2021;R2;GUAYAQUIL;FIJO;17;1135
706;21/03/2020;R1;QUITO;FIJO;13;1285
707;30/12/2021;R1;QUITO;MOVIL;8;1996
708;15/11/2020;R1;QUITO;FIJO;3;1300
709;15/08/2021;R2;GUAYAQUIL;MOVIL;2;1411
710;04/01/2021;R2;GUAYAQUIL;FIJO;1;1966
711;20/02/2022;R2;GUAYAQUIL;MOVIL;17;2081
712;08/04/2020;R2;GUAYAQUIL;MOVIL;2;1514
713;13/11/2021;R2;GUAYAQUIL;MOVIL;5;1583
714;18/11/2021;R1;QUITO;MOVIL;2;2921
715;03/05/2022;R2;GUAYAQUIL;FIJO;20;883
716;18/08/2020;R2;GUAYAQUIL;MOVIL;17;1706
717;25/11/2020;R1;QUITO;MOVIL;9;161
718;07/12/2021;R2;GUAYAQUIL;MOVIL;16;349
719;12/04/2022;R1;QUITO;FIJO;6;1163
720;26/10/2021;R2;GUAYAQUIL;FIJO;8;243
721;19/12/2020;R1;QUITO;MOVIL;9;1921
722;01/09/2021;R2;GUAYAQUIL;MOVIL;11;1828
723;21/12/2020;R2;GUAYAQUIL;FIJO;13;1331
724;17/10/2020;R1;QUITO;MOVIL;19;962
725;07/05/2020;R2;GUAYAQUIL;FIJO;9;891
726;03/02/2021;R2;GUAYAQUIL;FIJO;3;875
727;08/10/2020;R1;QUITO;MOVIL;6;2541
728;26/11/2021;R1;QUITO;FIJO;5;799
729;11/02/2020;R1;QUITO;MOVIL;6;1466
730;04/07/2021;R1;QUITO;MOVIL;15;2936
731;09/08/2021;R1;QUITO;FIJO;19;2837
732;07/06/2020;R1;QUITO;FIJO;11;2882
733;17/04/2021;R1;QUITO;MOVIL;7;749
734;13/03/2020;R2;GUAYAQUIL;FIJO;9;1950
735;24/08/2020;R1;QUITO;MOVIL;20;905
736;25/12/2020;R2;GUAYAQUIL;MOVIL;19;1334
737;10/03/2020;R2;GUAYAQUIL;MOVIL;3;2497
738;28/02/2022;R2;GUAYAQUIL;MOVIL;8;500
739;18/04/2022;R1;QUITO;MOVIL;17;246
740;03/06/2021;R2;GUAYAQUIL;MOVIL;14;168
741;25/04/2022;R2;GUAYAQUIL;FIJO;14;941
742;11/01/2021;R1;QUITO;FIJO;7;2638
743;28/02/2020;R2;GUAYAQUIL;MOVIL;2;795
744;07/02/2022;R1;QUITO;FIJO;20;1087
745;18/03/2022;R1;QUITO;FIJO;12;1211
746;27/03/2022;R1;QUITO;FIJO;9;2226
747;16/09/2020;R1;QUITO;FIJO;15;743
748;12/12/2020;R2;GUAYAQUIL;FIJO;1;2923
749;04/09/2021;R2;GUAYAQUIL;FIJO;18;1550
750;25/08/2021;R1;QUITO;FIJO;1;2137
751;17/05/2021;R1;QUITO;MOVIL;19;612
752;28/09/2020;R2;GUAYAQUIL;FIJO;2;2388
753;26/03/2022;R1;QUITO;FIJO;4;1958
754;23/08/2021;R2;GUAYAQUIL;FIJO;7;328
755;07/05/2022;R1;QUITO;MOVIL;12;1571
756;16/01/2022;R1;QUITO;FIJO;15;917
757;21/05/2021;R2;GUAYAQUIL;MOVIL;13;634
758;20/06/2021;R1;QUITO;FIJO;10;753
759;07/10/2021;R2;GUAYAQUIL;FIJO;2;945
760;14/12/2021;R1;QUITO;FIJO;3;1673
761;30/03/2022;R2;GUAYAQUIL;MOVIL;1;2329
762;06/11/2021;R2;GUAYAQUIL;FIJO;10;2419
763;05/09/2020;R2;GUAYAQUIL;MOVIL;19;1415
764;28/01/2022;R1;QUITO;FIJO;9;482
765;04/11/2021;R2;GUAYAQUIL;FIJO;14;165
766;30/10/2021;R1;QUITO;MOVIL;3;2552
767;15/03/2021;R1;QUITO;FIJO;15;53
768;21/05/2022;R2;GUAYAQUIL;MOVIL;9;419
769;01/12/2021;R1;QUITO;FIJO;3;651
770;15/11/2020;R1;QUITO;MOVIL;10;173
771;05/07/2021;R2;GUAYAQUIL;FIJO;2;1124
772;29/12/2021;R2;GUAYAQUIL;FIJO;3;669
773;14/10/2021;R1;QUITO;FIJO;5;1699
774;12/12/2021;R1;QUITO;FIJO;4;1080
775;21/05/2021;R2;GUAYAQUIL;MOVIL;1;2816
776;10/02/2020;R1;QUITO;MOVIL;4;53
777;08/02/2021;R1;QUITO;MOVIL;6;2641
778;02/02/2021;R2;GUAYAQUIL;MOVIL;12;765
779;13/10/2020;R1;QUITO;FIJO;8;1052
780;16/08/2020;R1;QUITO;MOVIL;5;1577
781;26/05/2020;R1;QUITO;MOVIL;6;1637
782;16/09/2021;R2;GUAYAQUIL;FIJO;16;1118
783;18/07/2020;R1;QUITO;FIJO;15;476
784;14/12/2021;R2;GUAYAQUIL;FIJO;11;2075
785;05/04/2022;R1;QUITO;MOVIL;16;1952
786;25/03/2021;R2;GUAYAQUIL;MOVIL;3;2752
787;29/10/2021;R1;QUITO;MOVIL;10;1422
788;27/08/2020;R1;QUITO;MOVIL;11;1825
789;27/04/2020;R1;QUITO;FIJO;12;2326
790;06/09/2021;R2;GUAYAQUIL;MOVIL;12;2055
791;09/05/2020;R2;GUAYAQUIL;MOVIL;7;866
792;07/10/2021;R1;QUITO;FIJO;16;2606
793;01/02/2022;R2;GUAYAQUIL;FIJO;18;2939
794;11/10/2021;R2;GUAYAQUIL;MOVIL;3;469
795;20/05/2021;R1;QUITO;MOVIL;20;852
796;21/01/2020;R1;QUITO;FIJO;16;2338
797;17/10/2021;R2;GUAYAQUIL;FIJO;5;54
798;22/06/2021;R2;GUAYAQUIL;MOVIL;6;921
799;10/01/2021;R1;QUITO;MOVIL;4;2493
800;13/01/2022;R1;QUITO;MOVIL;6;2414
801;06/07/2021;R2;GUAYAQUIL;MOVIL;16;2658
802;13/10/2020;R1;QUITO;FIJO;14;2180
803;05/10/2020;R2;GUAYAQUIL;FIJO;18;1739
804;19/04/2021;R2;GUAYAQUIL;FIJO;12;1175
805;07/01/2021;R2;GUAYAQUIL;MOVIL;12;2144
806;25/11/2020;R1;QUITO;FIJO;14;1279
807;10/07/2020;R2;GUAYAQUIL;MOVIL;10;699
808;04/01/2020;R1;QUITO;FIJO;8;1735
809;08/08/2021;R2;GUAYAQUIL;MOVIL;9;485
810;10/02/2020;R2;GUAYAQUIL;MOVIL;20;1556
811;23/11/2020;R2;GUAYAQUIL;MOVIL;3;1275
812;18/03/2022;R2;GUAYAQUIL;MOVIL;7;2731
813;05/05/2021;R2;GUAYAQUIL;FIJO;2;1365
814;18/12/2021;R2;GUAYAQUIL;FIJO;10;543
815;07/04/2022;R1;QUITO;FIJO;2;800
816;24/04/2020;R2;GUAYAQUIL;MOVIL;13;1945
817;14/01/2021;R1;QUITO;FIJO;15;1060
818;15/09/2020;R2;GUAYAQUIL;MOVIL;16;1912
819;27/02/2020;R1;QUITO;MOVIL;3;1862
820;19/02/2022;R2;GUAYAQUIL;MOVIL;18;2531
821;14/04/2020;R1;QUITO;FIJO;16;119
822;24/03/2022;R1;QUITO;FIJO;14;1430
823;08/01/2021;R2;GUAYAQUIL;FIJO;16;22
824;20/05/2020;R1;QUITO;FIJO;7;1695
825;20/03/2022;R1;QUITO;MOVIL;11;2726
826;27/07/2020;R1;QUITO;MOVIL;3;1194
827;04/12/2021;R1;QUITO;FIJO;9;1375
828;24/01/2021;R2;GUAYAQUIL;FIJO;11;2369
829;26/04/2021;R1;QUITO;MOVIL;1;825
830;18/03/2020;R1;QUITO;MOVIL;2;2726
831;09/07/2021;R1;QUITO;MOVIL;15;1414
832;02/02/2022;R1;QUITO;FIJO;7;360
833;12/04/2022;R1;QUITO;FIJO;20;2070
834;29/03/2020;R1;QUITO;MOVIL;20;2583
835;18/03/2021;R2;GUAYAQUIL;MOVIL;9;1247
836;06/05/2022;R1;QUITO;FIJO;4;298
837;23/01/2021;R1;QUITO;MOVIL;18;1543
838;15/01/2022;R1;QUITO;FIJO;16;747
839;22/11/2020;R1;QUITO;MOVIL;17;2511
840;12/12/2021;R1;QUITO;FIJO;3;2948
841;01/04/2021;R2;GUAYAQUIL;MOVIL;19;453
842;06/08/2020;R1;QUITO;FIJO;1;2968
843;12/07/2020;R1;QUITO;FIJO;1;341
844;29/03/2021;R1;QUITO;FIJO;13;858
845;16/05/2021;R2;GUAYAQUIL;MOVIL;7;1057
846;13/02/2020;R1;QUITO;MOVIL;4;2789
847;28/08/2020;R2;GUAYAQUIL;MOVIL;19;652
848;17/01/2021;R2;GUAYAQUIL;MOVIL;9;71
849;30/03/2020;R2;GUAYAQUIL;FIJO;15;787
850;25/03/2021;R1;QUITO;FIJO;19;2997
851;16/03/2022;R1;QUITO;FIJO;8;2179
852;30/09/2021;R1;QUITO;FIJO;6;958
853;04/03/2022;R2;GUAYAQUIL;FIJO;14;2032
854;13/06/2021;R2;GUAYAQUIL;FIJO;4;549
855;22/03/2020;R2;GUAYAQUIL;FIJO;20;1964
856;01/06/2021;R2;GUAYAQUIL;MOVIL;19;2384
857;19/04/2022;R2;GUAYAQUIL;MOVIL;20;1759
858;09/12/2021;R2;GUAYAQUIL;MOVIL;1;697
859;19/03/2022;R1;QUITO;MOVIL;9;119
860;10/10/2020;R2;GUAYAQUIL;FIJO;1;1061
861;14/12/2021;R1;QUITO;MOVIL;9;1817
862;01/08/2020;R1;QUITO;FIJO;15;133
863;20/02/2020;R2;GUAYAQUIL;FIJO;18;2424
864;16/07/2021;R1;QUITO;FIJO;13;2566
865;13/06/2020;R2;GUAYAQUIL;FIJO;17;2237
866;14/11/2021;R2;GUAYAQUIL;MOVIL;7;815
867;28/01/2020;R1;QUITO;MOVIL;20;2504
868;28/05/2021;R2;GUAYAQUIL;FIJO;2;309
869;13/02/2021;R1;QUITO;MOVIL;3;2032
870;03/06/2021;R2;GUAYAQUIL;FIJO;11;46
871;25/01/2021;R1;QUITO;MOVIL;11;371
872;17/04/2022;R1;QUITO;FIJO;17;1008
873;15/09/2021;R1;QUITO;MOVIL;4;2761
874;07/08/2021;R1;QUITO;MOVIL;5;2937
875;14/01/2022;R2;GUAYAQUIL;MOVIL;10;1386
876;27/05/2020;R2;GUAYAQUIL;FIJO;20;168
877;19/09/2020;R1;QUITO;FIJO;15;2489
878;04/06/2021;R2;GUAYAQUIL;MOVIL;9;2590
879;15/05/2020;R1;QUITO;FIJO;2;103
880;03/01/2021;R1;QUITO;FIJO;20;2250
881;20/11/2021;R1;QUITO;MOVIL;18;1201
882;11/07/2021;R1;QUITO;MOVIL;5;2323
883;04/02/2020;R2;GUAYAQUIL;MOVIL;4;2521
884;02/03/2022;R1;QUITO;FIJO;13;443
885;12/10/2021;R1;QUITO;FIJO;16;2415
886;11/11/2020;R1;QUITO;MOVIL;7;1249
887;10/12/2020;R1;QUITO;FIJO;10;1899
888;29/04/2020;R2;GUAYAQUIL;FIJO;12;2740
889;18/01/2021;R2;GUAYAQUIL;FIJO;7;2197
890;06/01/2021;R2;GUAYAQUIL;MOVIL;13;2089
891;20/03/2022;R1;QUITO;FIJO;20;2681
892;04/08/2021;R2;GUAYAQUIL;MOVIL;16;2989
893;30/08/2021;R2;GUAYAQUIL;FIJO;4;1478
894;07/01/2022;R1;QUITO;MOVIL;17;441
895;12/06/2020;R2;GUAYAQUIL;MOVIL;12;409
896;20/04/2022;R2;GUAYAQUIL;FIJO;6;1582
897;11/03/2020;R1;QUITO;MOVIL;12;2063
898;01/10/2021;R2;GUAYAQUIL;MOVIL;6;35
899;15/09/2021;R1;QUITO;MOVIL;9;601
900;25/03/2020;R1;QUITO;MOVIL;8;2144
901;21/03/2021;R1;QUITO;FIJO;16;1461
902;15/05/2020;R1;QUITO;MOVIL;16;2675
903;05/09/2021;R1;QUITO;MOVIL;7;1965
904;07/12/2020;R2;GUAYAQUIL;MOVIL;13;2998
905;03/06/2021;R2;GUAYAQUIL;FIJO;1;1747
906;23/05/2022;R2;GUAYAQUIL;FIJO;17;1139
907;08/09/2020;R2;GUAYAQUIL;MOVIL;16;601
908;23/01/2021;R1;QUITO;MOVIL;4;1232
909;17/10/2020;R2;GUAYAQUIL;MOVIL;9;2511
910;09/04/2022;R1;QUITO;FIJO;9;2769
911;05/10/2020;R1;QUITO;MOVIL;17;988
912;08/07/2020;R1;QUITO;MOVIL;6;1086
913;01/06/2020;R1;QUITO;MOVIL;3;1365
914;26/06/2020;R2;GUAYAQUIL;MOVIL;11;281
915;09/04/2022;R2;GUAYAQUIL;MOVIL;14;1601
916;28/09/2020;R1;QUITO;FIJO;15;2785
917;09/12/2020;R1;QUITO;FIJO;12;2324
918;29/01/2022;R1;QUITO;FIJO;15;2766
919;31/03/2021;R2;GUAYAQUIL;MOVIL;4;2718
920;30/05/2021;R2;GUAYAQUIL;FIJO;5;2843
921;30/04/2020;R2;GUAYAQUIL;FIJO;19;1539
922;10/05/2020;R1;QUITO;MOVIL;4;264
923;18/09/2021;R1;QUITO;FIJO;5;448
924;09/11/2021;R1;QUITO;FIJO;19;2421
925;02/07/2020;R1;QUITO;MOVIL;2;1237
926;24/05/2022;R2;GUAYAQUIL;FIJO;4;2600
927;30/04/2021;R2;GUAYAQUIL;MOVIL;12;521
928;01/07/2020;R2;GUAYAQUIL;FIJO;9;1442
929;23/12/2021;R2;GUAYAQUIL;FIJO;14;1378
930;19/01/2022;R2;GUAYAQUIL;FIJO;20;862
931;03/05/2021;R1;QUITO;FIJO;20;2579
932;28/08/2021;R1;QUITO;MOVIL;3;1582
933;27/09/2021;R2;GUAYAQUIL;FIJO;6;1782
934;23/08/2020;R1;QUITO;FIJO;15;1804
935;22/08/2021;R1;QUITO;MOVIL;18;508
936;03/03/2020;R1;QUITO;MOVIL;15;1255
937;07/09/2020;R1;QUITO;MOVIL;17;1446
938;20/08/2021;R1;QUITO;FIJO;20;1156
939;22/06/2020;R1;QUITO;FIJO;2;2074
940;17/03/2022;R1;QUITO;MOVIL;11;1214
941;16/03/2021;R1;QUITO;FIJO;10;1381
942;26/02/2021;R2;GUAYAQUIL;FIJO;17;2388
943;18/03/2020;R2;GUAYAQUIL;MOVIL;1;428
944;29/04/2021;R1;QUITO;FIJO;12;2678
945;01/09/2020;R2;GUAYAQUIL;MOVIL;13;275
946;07/04/2020;R1;QUITO;FIJO;20;2004
947;21/07/2020;R1;QUITO;FIJO;19;712
948;20/04/2021;R2;GUAYAQUIL;MOVIL;18;1261
949;11/02/2022;R1;QUITO;MOVIL;7;965
950;09/09/2020;R1;QUITO;FIJO;20;2538
951;11/01/2021;R1;QUITO;FIJO;15;969
952;17/03/2020;R2;GUAYAQUIL;FIJO;6;609
953;29/05/2020;R2;GUAYAQUIL;FIJO;7;796
954;06/05/2022;R2;GUAYAQUIL;FIJO;5;306
955;22/10/2021;R1;QUITO;FIJO;5;2168
956;12/12/2020;R2;GUAYAQUIL;FIJO;7;2322
957;16/06/2021;R2;GUAYAQUIL;FIJO;11;630
958;02/03/2021;R2;GUAYAQUIL;FIJO;9;436
959;25/01/2022;R2;GUAYAQUIL;FIJO;18;2691
960;14/09/2021;R2;GUAYAQUIL;FIJO;12;112
961;07/09/2020;R1;QUITO;FIJO;17;1729
962;17/07/2021;R2;GUAYAQUIL;MOVIL;6;1177
963;17/05/2022;R2;GUAYAQUIL;FIJO;16;494
964;02/03/2020;R2;GUAYAQUIL;FIJO;19;1278
965;12/05/2020;R1;QUITO;FIJO;18;912
966;26/04/2020;R2;GUAYAQUIL;MOVIL;20;150
967;26/02/2022;R1;QUITO;MOVIL;1;445
968;08/12/2021;R2;GUAYAQUIL;MOVIL;9;994
969;30/01/2022;R2;GUAYAQUIL;FIJO;5;1663
970;03/06/2020;R2;GUAYAQUIL;FIJO;13;1829
971;22/06/2020;R1;QUITO;FIJO;16;214
972;17/07/2020;R2;GUAYAQUIL;MOVIL;13;1416
973;05/05/2021;R1;QUITO;MOVIL;6;244
974;19/12/2021;R2;GUAYAQUIL;MOVIL;20;2228
975;26/09/2021;R1;QUITO;FIJO;13;2205
976;27/01/2021;R1;QUITO;MOVIL;7;322
977;18/02/2021;R1;QUITO;MOVIL;19;2312
978;15/06/2021;R2;GUAYAQUIL;MOVIL;16;1114
979;23/12/2021;R2;GUAYAQUIL;FIJO;19;2097
980;08/06/2020;R1;QUITO;FIJO;11;2614
981;18/02/2020;R2;GUAYAQUIL;MOVIL;2;2800
982;06/02/2021;R2;GUAYAQUIL;MOVIL;11;1222
983;10/02/2021;R1;QUITO;FIJO;19;1764
984;14/09/2021;R1;QUITO;MOVIL;10;687
985;20/01/2020;R1;QUITO;FIJO;9;2049
986;19/10/2021;R2;GUAYAQUIL;FIJO;18;1323
987;13/10/2020;R2;GUAYAQUIL;MOVIL;9;183
988;02/11/2020;R1;QUITO;FIJO;10;2148
989;21/11/2021;R1;QUITO;FIJO;18;2344
990;14/11/2020;R1;QUITO;FIJO;7;831
991;17/01/2020;R1;QUITO;FIJO;6;2742
992;27/03/2021;R2;GUAYAQUIL;MOVIL;19;2350
993;21/11/2021;R2;GUAYAQUIL;FIJO;12;2063
994;20/01/2020;R2;GUAYAQUIL;FIJO;19;1719
995;14/04/2020;R2;GUAYAQUIL;MOVIL;10;551
996;18/10/2021;R2;GUAYAQUIL;FIJO;8;2094
997;01/10/2021;R1;QUITO;FIJO;3;1792
998;24/12/2020;R2;GUAYAQUIL;FIJO;6;1708
999;19/01/2021;R2;GUAYAQUIL;FIJO;3;306
1000;25/01/2020;R2;GUAYAQUIL;MOVIL;2;1941
1001;19/01/2022;R2;GUAYAQUIL;MOVIL;4;947
1002;05/07/2021;R1;QUITO;FIJO;9;796
1003;18/01/2021;R2;GUAYAQUIL;FIJO;13;180
1004;29/09/2020;R1;QUITO;FIJO;3;1763
1005;09/03/2020;R1;QUITO;MOVIL;6;1023
1006;11/04/2020;R2;GUAYAQUIL;MOVIL;3;1466
1007;20/06/2021;R1;QUITO;MOVIL;1;579
1008;19/10/2021;R2;GUAYAQUIL;MOVIL;7;552
1009;13/03/2020;R1;QUITO;FIJO;8;240
1010;02/02/2020;R1;QUITO;MOVIL;3;2534
1011;01/06/2020;R1;QUITO;MOVIL;16;282
1012;10/03/2020;R1;QUITO;MOVIL;13;1906
1013;31/03/2022;R1;QUITO;FIJO;15;115
1014;17/02/2021;R1;QUITO;MOVIL;14;2187
1015;11/05/2021;R1;QUITO;MOVIL;9;1091
1016;21/12/2021;R2;GUAYAQUIL;MOVIL;12;2517
1017;21/02/2020;R1;QUITO;MOVIL;8;2128
1018;04/01/2021;R2;GUAYAQUIL;FIJO;14;2455
1019;05/06/2020;R1;QUITO;FIJO;13;419
1020;05/06/2021;R1;QUITO;FIJO;16;29
1021;21/11/2021;R2;GUAYAQUIL;FIJO;2;124
1022;03/01/2020;R1;QUITO;FIJO;17;2750
1023;17/05/2022;R2;GUAYAQUIL;MOVIL;2;2689
1024;24/02/2020;R2;GUAYAQUIL;FIJO;6;1413
1025;18/06/2020;R2;GUAYAQUIL;MOVIL;13;1661
1026;24/01/2022;R1;QUITO;FIJO;8;1239
1027;30/01/2022;R1;QUITO;FIJO;8;2060
1028;23/01/2020;R2;GUAYAQUIL;FIJO;15;1755
1029;04/12/2020;R1;QUITO;FIJO;9;2654
1030;26/02/2020;R2;GUAYAQUIL;FIJO;16;2119
1031;06/07/2020;R1;QUITO;MOVIL;12;738
1032;05/02/2022;R1;QUITO;MOVIL;15;295
1033;20/05/2021;R1;QUITO;FIJO;13;706
1034;02/01/2021;R1;QUITO;FIJO;4;138
1035;27/11/2020;R1;QUITO;FIJO;19;2925
1036;07/01/2022;R1;QUITO;FIJO;9;800
1037;27/12/2020;R1;QUITO;MOVIL;10;1368
1038;09/02/2021;R2;GUAYAQUIL;FIJO;9;194
1039;29/08/2021;R2;GUAYAQUIL;FIJO;5;119
1040;20/04/2022;R2;GUAYAQUIL;MOVIL;2;757
1041;15/05/2022;R2;GUAYAQUIL;FIJO;4;727
1042;31/07/2021;R1;QUITO;FIJO;15;2451
1043;28/04/2022;R1;QUITO;FIJO;2;1664
1044;25/04/2021;R2;GUAYAQUIL;MOVIL;1;639
1045;25/03/2021;R1;QUITO;FIJO;16;995
1046;04/04/2022;R1;QUITO;FIJO;6;299
1047;30/12/2020;R2;GUAYAQUIL;FIJO;10;762
1048;01/07/2021;R2;GUAYAQUIL;MOVIL;9;163
1049;23/01/2020;R2;GUAYAQUIL;MOVIL;17;296
1050;15/01/2020;R2;GUAYAQUIL;MOVIL;3;2934
1051;03/07/2021;R2;GUAYAQUIL;MOVIL;13;263
1052;26/10/2020;R1;QUITO;MOVIL;4;621
1053;06/01/2021;R1;QUITO;MOVIL;12;1112
1054;03/04/2020;R1;QUITO;FIJO;12;2853
1055;22/04/2022;R1;QUITO;FIJO;15;161
1056;15/03/2021;R2;GUAYAQUIL;FIJO;6;943
1057;25/11/2021;R1;QUITO;FIJO;17;1765
1058;20/05/2021;R2;GUAYAQUIL;FIJO;4;1329
1059;01/01/2021;R2;GUAYAQUIL;MOVIL;2;2601
1060;07/07/2021;R2;GUAYAQUIL;FIJO;13;1348
1061;09/02/2021;R2;GUAYAQUIL;MOVIL;14;447
1062;28/01/2021;R1;QUITO;FIJO;3;1991
1063;19/04/2020;R1;QUITO;MOVIL;9;1398
1064;16/07/2021;R2;GUAYAQUIL;MOVIL;13;1883
1065;28/09/2020;R2;GUAYAQUIL;FIJO;6;53
1066;13/02/2022;R2;GUAYAQUIL;MOVIL;7;1138
1067;20/05/2020;R2;GUAYAQUIL;MOVIL;15;2698
1068;02/03/2021;R1;QUITO;MOVIL;7;2520
1069;29/04/2022;R1;QUITO;MOVIL;5;1196
1070;15/06/2021;R2;GUAYAQUIL;FIJO;15;2037
1071;06/05/2020;R1;QUITO;MOVIL;19;2079
1072;14/04/2022;R2;GUAYAQUIL;FIJO;3;2518
1073;31/10/2021;R2;GUAYAQUIL;MOVIL;3;1443
1074;22/05/2021;R2;GUAYAQUIL;FIJO;4;756
1075;09/02/2020;R1;QUITO;FIJO;1;539
1076;06/06/2021;R2;GUAYAQUIL;FIJO;7;2205
1077;03/07/2020;R1;QUITO;MOVIL;10;1082
1078;11/07/2020;R2;GUAYAQUIL;FIJO;20;1326
1079;30/01/2022;R1;QUITO;FIJO;18;322
1080;27/12/2020;R2;GUAYAQUIL;FIJO;1;261
1081;07/01/2020;R2;GUAYAQUIL;MOVIL;7;2044
1082;05/03/2022;R2;GUAYAQUIL;FIJO;19;390
1083;15/08/2020;R1;QUITO;MOVIL;6;2849
1084;09/09/2020;R1;QUITO;FIJO;17;1577
1085;18/05/2020;R1;QUITO;MOVIL;7;687
1086;04/08/2020;R2;GUAYAQUIL;MOVIL;18;2665
1087;03/11/2021;R1;QUITO;FIJO;10;1233
1088;13/03/2022;R2;GUAYAQUIL;MOVIL;2;1185
1089;21/08/2021;R2;GUAYAQUIL;MOVIL;20;1190
1090;21/05/2020;R1;QUITO;MOVIL;17;475
1091;27/04/2020;R1;QUITO;MOVIL;17;1911
1092;09/08/2021;R1;QUITO;FIJO;15;1304
1093;14/05/2020;R2;GUAYAQUIL;MOVIL;19;1399
1094;30/04/2022;R2;GUAYAQUIL;FIJO;16;2295
1095;09/04/2021;R1;QUITO;FIJO;2;1886
1096;27/01/2020;R1;QUITO;MOVIL;1;2836
1097;03/01/2020;R2;GUAYAQUIL;FIJO;18;2188
1098;08/08/2020;R2;GUAYAQUIL;MOVIL;8;1081
1099;10/06/2020;R2;GUAYAQUIL;MOVIL;7;1910
1100;28/08/2020;R1;QUITO;MOVIL;15;390
1101;19/10/2021;R2;GUAYAQUIL;FIJO;2;2745
1102;16/01/2021;R2;GUAYAQUIL;FIJO;9;389
1103;02/01/2020;R1;QUITO;FIJO;17;442
1104;14/11/2021;R2;GUAYAQUIL;FIJO;10;151
1105;15/05/2020;R2;GUAYAQUIL;MOVIL;15;36
1106;12/04/2022;R1;QUITO;FIJO;2;77
1107;30/04/2021;R2;GUAYAQUIL;FIJO;6;485
1108;23/05/2022;R2;GUAYAQUIL;MOVIL;16;2136
1109;17/03/2022;R1;QUITO;FIJO;14;1009
1110;31/05/2020;R1;QUITO;FIJO;7;1296
1111;15/04/2020;R2;GUAYAQUIL;FIJO;1;1162
1112;09/06/2021;R2;GUAYAQUIL;MOVIL;14;2140
1113;01/08/2021;R1;QUITO;FIJO;4;2402
1114;10/01/2021;R2;GUAYAQUIL;FIJO;16;1114
1115;17/07/2020;R1;QUITO;MOVIL;19;1158
1116;26/03/2022;R1;QUITO;FIJO;17;1158
1117;23/03/2021;R2;GUAYAQUIL;MOVIL;12;2470
1118;22/04/2022;R2;GUAYAQUIL;MOVIL;10;325
1119;02/05/2021;R1;QUITO;FIJO;20;431
1120;17/06/2020;R2;GUAYAQUIL;MOVIL;9;2144
1121;06/01/2022;R1;QUITO;MOVIL;14;1568
1122;27/05/2021;R2;GUAYAQUIL;MOVIL;16;1493
1123;12/12/2021;R1;QUITO;FIJO;12;2896
1124;30/10/2021;R1;QUITO;MOVIL;17;2179
1125;28/11/2020;R2;GUAYAQUIL;MOVIL;18;671
1126;27/05/2022;R2;GUAYAQUIL;FIJO;19;2471
1127;07/08/2021;R1;QUITO;FIJO;20;2928
1128;29/03/2021;R1;QUITO;FIJO;9;724
1129;24/09/2021;R2;GUAYAQUIL;FIJO;16;2482
1130;12/06/2020;R2;GUAYAQUIL;FIJO;6;1942
1131;12/10/2021;R1;QUITO;MOVIL;17;485
1132;13/05/2022;R2;GUAYAQUIL;MOVIL;15;1330
1133;20/03/2020;R1;QUITO;FIJO;18;1768
1134;22/12/2021;R1;QUITO;FIJO;15;786
1135;26/03/2020;R2;GUAYAQUIL;MOVIL;18;2891
1136;21/03/2021;R2;GUAYAQUIL;MOVIL;8;2586
1137;17/04/2021;R1;QUITO;FIJO;1;1029
1138;30/03/2022;R2;GUAYAQUIL;MOVIL;13;426
1139;26/02/2021;R1;QUITO;FIJO;2;722
1140;12/02/2022;R2;GUAYAQUIL;FIJO;10;549
1141;02/11/2020;R2;GUAYAQUIL;MOVIL;4;1141
1142;25/10/2020;R1;QUITO;FIJO;1;1032
1143;11/03/2020;R2;GUAYAQUIL;MOVIL;16;1411
1144;02/10/2020;R1;QUITO;MOVIL;8;476
1145;08/12/2020;R2;GUAYAQUIL;FIJO;14;2104
1146;26/07/2020;R2;GUAYAQUIL;FIJO;17;2458
1147;03/07/2021;R2;GUAYAQUIL;MOVIL;6;2579
1148;12/05/2022;R1;QUITO;MOVIL;18;586
1149;02/10/2021;R2;GUAYAQUIL;MOVIL;14;564
1150;25/03/2021;R2;GUAYAQUIL;MOVIL;15;65
1151;14/07/2021;R2;GUAYAQUIL;FIJO;10;230
1152;30/06/2020;R2;GUAYAQUIL;MOVIL;5;1094
1153;11/10/2020;R2;GUAYAQUIL;FIJO;8;1435
1154;03/05/2020;R2;GUAYAQUIL;FIJO;7;1297
1155;11/11/2020;R1;QUITO;MOVIL;2;2082
1156;01/08/2021;R2;GUAYAQUIL;MOVIL;18;2522
1157;04/04/2021;R2;GUAYAQUIL;FIJO;17;512
1158;09/07/2021;R1;QUITO;FIJO;13;1727
1159;20/05/2020;R1;QUITO;MOVIL;5;2319
1160;13/08/2020;R2;GUAYAQUIL;FIJO;11;1231
1161;25/05/2020;R2;GUAYAQUIL;MOVIL;3;2615
1162;24/03/2020;R1;QUITO;FIJO;1;2581
1163;14/07/2020;R1;QUITO;FIJO;20;1846
1164;21/12/2021;R1;QUITO;MOVIL;1;1440
1165;02/03/2021;R1;QUITO;MOVIL;7;728
1166;30/10/2021;R2;GUAYAQUIL;FIJO;15;2979
1167;30/04/2021;R1;QUITO;MOVIL;5;1201
1168;21/06/2020;R2;GUAYAQUIL;MOVIL;18;2204
1169;25/07/2021;R2;GUAYAQUIL;MOVIL;10;1464
1170;09/09/2020;R1;QUITO;FIJO;3;2061
1171;09/03/2020;R1;QUITO;FIJO;6;2031
1172;03/12/2020;R2;GUAYAQUIL;MOVIL;2;1019
1173;10/07/2020;R1;QUITO;FIJO;3;2039
1174;11/06/2021;R1;QUITO;FIJO;18;1051
1175;27/05/2022;R2;GUAYAQUIL;MOVIL;1;1812
1176;26/07/2021;R2;GUAYAQUIL;FIJO;10;2471
1177;14/04/2020;R1;QUITO;MOVIL;2;2511
1178;11/01/2022;R2;GUAYAQUIL;FIJO;18;2290
1179;04/10/2021;R2;GUAYAQUIL;MOVIL;8;673
1180;16/11/2020;R2;GUAYAQUIL;MOVIL;15;2522
1181;26/02/2021;R2;GUAYAQUIL;MOVIL;18;2424
1182;29/07/2021;R2;GUAYAQUIL;FIJO;15;2881
1183;26/05/2020;R1;QUITO;MOVIL;4;1611
1184;11/12/2020;R2;GUAYAQUIL;MOVIL;12;400
1185;29/03/2020;R2;GUAYAQUIL;FIJO;14;193
1186;30/11/2021;R2;GUAYAQUIL;MOVIL;19;501
1187;17/05/2022;R1;QUITO;MOVIL;10;757
1188;08/03/2021;R2;GUAYAQUIL;FIJO;3;2335
1189;22/08/2020;R2;GUAYAQUIL;MOVIL;17;1998
1190;21/12/2021;R2;GUAYAQUIL;MOVIL;3;806
1191;25/01/2022;R1;QUITO;FIJO;14;468
1192;21/04/2020;R1;QUITO;MOVIL;14;2667
1193;12/07/2020;R1;QUITO;FIJO;2;440
1194;04/03/2020;R2;GUAYAQUIL;MOVIL;13;2900
1195;20/06/2021;R2;GUAYAQUIL;FIJO;12;2749
1196;17/03/2020;R1;QUITO;MOVIL;14;2884
1197;20/10/2020;R1;QUITO;FIJO;13;1421
1198;11/06/2021;R2;GUAYAQUIL;FIJO;19;105
1199;16/01/2020;R2;GUAYAQUIL;FIJO;11;2055
1200;06/01/2020;R1;QUITO;MOVIL;1;16
1201;08/04/2021;R2;GUAYAQUIL;FIJO;11;496
1202;07/11/2021;R1;QUITO;MOVIL;12;96
1203;11/11/2020;R2;GUAYAQUIL;MOVIL;1;1611
1204;28/07/2021;R2;GUAYAQUIL;FIJO;13;2203
1205;16/05/2021;R2;GUAYAQUIL;MOVIL;12;528
1206;23/03/2020;R1;QUITO;MOVIL;17;2933
1207;21/05/2020;R1;QUITO;MOVIL;4;472
1208;13/02/2022;R1;QUITO;MOVIL;11;2923
1209;16/05/2020;R1;QUITO;MOVIL;9;2625
1210;21/01/2022;R2;GUAYAQUIL;MOVIL;12;1048
1211;20/07/2021;R1;QUITO;FIJO;4;2557
1212;07/05/2020;R1;QUITO;MOVIL;12;325
1213;23/04/2021;R2;GUAYAQUIL;MOVIL;17;986
1214;27/08/2020;R2;GUAYAQUIL;FIJO;13;2790
1215;30/07/2020;R1;QUITO;MOVIL;10;1908
1216;22/04/2021;R1;QUITO;MOVIL;12;2240
1217;17/11/2020;R1;QUITO;FIJO;1;1443
1218;06/08/2021;R2;GUAYAQUIL;MOVIL;8;2753
1219;05/02/2022;R2;GUAYAQUIL;MOVIL;18;2239
1220;20/05/2021;R1;QUITO;MOVIL;1;704
1221;24/02/2022;R1;QUITO;FIJO;2;2693
1222;16/08/2020;R2;GUAYAQUIL;FIJO;10;1482
1223;17/07/2021;R1;QUITO;MOVIL;12;2698
1224;06/09/2020;R2;GUAYAQUIL;FIJO;16;1576
1225;25/08/2021;R2;GUAYAQUIL;FIJO;12;515
1226;09/06/2020;R2;GUAYAQUIL;FIJO;19;1077
1227;10/04/2020;R1;QUITO;FIJO;7;983
1228;04/10/2021;R1;QUITO;MOVIL;19;2662
1229;13/08/2021;R2;GUAYAQUIL;MOVIL;5;2867
1230;14/07/2021;R1;QUITO;MOVIL;7;122
1231;02/08/2021;R1;QUITO;MOVIL;15;1251
1232;12/11/2020;R2;GUAYAQUIL;FIJO;16;46
1233;15/01/2022;R1;QUITO;MOVIL;5;2779
1234;12/09/2020;R1;QUITO;MOVIL;2;1371
1235;11/03/2020;R2;GUAYAQUIL;FIJO;9;2151
1236;25/06/2021;R1;QUITO;MOVIL;4;1548
1237;07/09/2020;R2;GUAYAQUIL;FIJO;9;1210
1238;23/09/2021;R2;GUAYAQUIL;MOVIL;13;1611
1239;16/09/2020;R1;QUITO;FIJO;20;2840
1240;18/06/2020;R1;QUITO;MOVIL;3;2394
1241;07/08/2020;R2;GUAYAQUIL;MOVIL;8;947
1242;25/02/2021;R1;QUITO;FIJO;18;2415
1243;08/04/2022;R2;GUAYAQUIL;FIJO;19;378
1244;06/11/2021;R1;QUITO;FIJO;11;1273
1245;21/09/2021;R2;GUAYAQUIL;MOVIL;4;2890
1246;07/01/2021;R2;GUAYAQUIL;FIJO;3;2538
1247;11/01/2022;R2;GUAYAQUIL;FIJO;10;1306
1248;01/05/2021;R2;GUAYAQUIL;MOVIL;16;707
1249;20/12/2020;R1;QUITO;FIJO;7;2746
1250;30/07/2021;R1;QUITO;FIJO;5;1860
1251;01/03/2022;R1;QUITO;MOVIL;5;1721
1252;14/11/2021;R2;GUAYAQUIL;MOVIL;19;1200
1253;01/03/2022;R1;QUITO;FIJO;20;632
1254;01/03/2020;R2;GUAYAQUIL;MOVIL;9;2440
1255;12/09/2021;R1;QUITO;MOVIL;18;1737
1256;07/03/2020;R2;GUAYAQUIL;MOVIL;17;174
1257;03/04/2022;R1;QUITO;MOVIL;17;1699
1258;31/12/2020;R1;QUITO;FIJO;12;754
1259;10/03/2020;R1;QUITO;MOVIL;6;2125
1260;17/08/2021;R2;GUAYAQUIL;FIJO;18;734
1261;23/04/2021;R2;GUAYAQUIL;FIJO;7;1358
1262;01/02/2021;R2;GUAYAQUIL;MOVIL;16;252
1263;21/03/2022;R2;GUAYAQUIL;MOVIL;5;2993
1264;17/02/2020;R2;GUAYAQUIL;MOVIL;8;1248
1265;19/11/2021;R2;GUAYAQUIL;MOVIL;2;1942
1266;31/12/2021;R2;GUAYAQUIL;MOVIL;9;1482
1267;11/04/2021;R1;QUITO;FIJO;4;2139
1268;12/03/2020;R2;GUAYAQUIL;MOVIL;4;1475
1269;11/12/2020;R1;QUITO;MOVIL;2;1161
1270;25/02/2021;R2;GUAYAQUIL;MOVIL;12;2575
1271;17/05/2020;R1;QUITO;FIJO;17;2322
1272;15/12/2020;R1;QUITO;MOVIL;13;2140
1273;05/02/2022;R1;QUITO;MOVIL;6;973
1274;04/07/2020;R1;QUITO;FIJO;1;806
1275;13/08/2020;R1;QUITO;MOVIL;3;1688
1276;31/01/2022;R2;GUAYAQUIL;FIJO;2;641
1277;20/04/2022;R1;QUITO;FIJO;7;1165
1278;20/03/2022;R1;QUITO;MOVIL;11;976
1279;11/01/2022;R1;QUITO;FIJO;1;2096
1280;14/01/2021;R1;QUITO;FIJO;20;674
1281;16/09/2021;R2;GUAYAQUIL;FIJO;2;172
1282;24/10/2021;R1;QUITO;FIJO;12;157
1283;25/11/2020;R2;GUAYAQUIL;MOVIL;8;1259
1284;29/05/2022;R1;QUITO;FIJO;1;1068
1285;03/01/2021;R1;QUITO;FIJO;5;2888
1286;11/05/2021;R1;QUITO;MOVIL;15;1729
1287;29/07/2020;R1;QUITO;FIJO;7;1765
1288;24/11/2020;R2;GUAYAQUIL;MOVIL;14;1519
1289;16/06/2021;R2;GUAYAQUIL;FIJO;16;542
1290;16/06/2020;R1;QUITO;MOVIL;5;83
1291;28/09/2020;R1;QUITO;FIJO;7;1539
1292;12/05/2021;R1;QUITO;FIJO;14;344
1293;27/01/2021;R2;GUAYAQUIL;FIJO;15;2525
1294;07/09/2021;R2;GUAYAQUIL;MOVIL;16;2698
1295;17/09/2021;R2;GUAYAQUIL;MOVIL;5;715
1296;01/10/2021;R1;QUITO;MOVIL;15;1821
1297;03/02/2020;R1;QUITO;MOVIL;3;1588
1298;23/04/2022;R2;GUAYAQUIL;MOVIL;2;1377
1299;17/03/2021;R2;GUAYAQUIL;FIJO;2;1795
1300;28/07/2021;R2;GUAYAQUIL;FIJO;16;2330
1301;10/04/2021;R2;GUAYAQUIL;MOVIL;12;1441
1302;29/10/2021;R2;GUAYAQUIL;MOVIL;13;874
1303;22/07/2020;R2;GUAYAQUIL;FIJO;15;2372
1304;21/07/2021;R1;QUITO;FIJO;16;770
1305;18/05/2020;R1;QUITO;FIJO;11;2941
1306;09/06/2021;R2;GUAYAQUIL;FIJO;14;1866
1307;15/03/2021;R1;QUITO;FIJO;4;2961
1308;13/04/2020;R1;QUITO;MOVIL;11;2548
1309;15/05/2021;R2;GUAYAQUIL;FIJO;1;2052
1310;04/02/2020;R2;GUAYAQUIL;MOVIL;15;1200
1311;25/12/2020;R2;GUAYAQUIL;MOVIL;2;530
1312;03/06/2020;R2;GUAYAQUIL;MOVIL;7;2552
1313;15/02/2021;R1;QUITO;MOVIL;6;2709
1314;10/12/2021;R2;GUAYAQUIL;MOVIL;13;1342
1315;06/11/2021;R1;QUITO;MOVIL;9;773
1316;24/05/2021;R2;GUAYAQUIL;MOVIL;19;1191
1317;23/07/2021;R2;GUAYAQUIL;MOVIL;2;2452
1318;14/09/2021;R1;QUITO;FIJO;13;255
1319;29/03/2022;R1;QUITO;MOVIL;2;824
1320;25/02/2020;R1;QUITO;FIJO;19;2099
1321;19/08/2021;R2;GUAYAQUIL;MOVIL;1;1237
1322;04/12/2020;R2;GUAYAQUIL;FIJO;13;310
1323;09/05/2021;R2;GUAYAQUIL;MOVIL;11;1795
1324;26/11/2021;R2;GUAYAQUIL;FIJO;18;132
1325;25/09/2020;R2;GUAYAQUIL;MOVIL;2;1734
1326;22/04/2020;R1;QUITO;FIJO;1;2865
1327;05/08/2021;R2;GUAYAQUIL;FIJO;1;2420
1328;20/11/2020;R1;QUITO;MOVIL;5;1582
1329;21/09/2021;R2;GUAYAQUIL;MOVIL;18;437
1330;06/04/2021;R2;GUAYAQUIL;MOVIL;20;2914
1331;29/03/2022;R2;GUAYAQUIL;MOVIL;16;506
1332;20/08/2020;R1;QUITO;MOVIL;18;1051
1333;18/07/2021;R2;GUAYAQUIL;MOVIL;4;2897
1334;26/04/2022;R2;GUAYAQUIL;FIJO;16;2447
1335;09/09/2021;R2;GUAYAQUIL;MOVIL;5;2573
1336;29/04/2021;R1;QUITO;MOVIL;2;843
1337;22/09/2020;R1;QUITO;MOVIL;13;2936
1338;25/05/2021;R1;QUITO;FIJO;11;2503
1339;28/03/2022;R1;QUITO;MOVIL;18;1667
1340;01/12/2021;R2;GUAYAQUIL;FIJO;7;1197
1341;22/03/2021;R1;QUITO;FIJO;9;1074
1342;26/02/2020;R1;QUITO;FIJO;20;459
1343;15/02/2021;R1;QUITO;FIJO;1;971
1344;24/03/2020;R2;GUAYAQUIL;FIJO;18;1884
1345;07/10/2021;R1;QUITO;MOVIL;19;2218
1346;23/03/2020;R2;GUAYAQUIL;FIJO;5;2594
1347;14/01/2020;R2;GUAYAQUIL;FIJO;6;1819
1348;23/08/2020;R1;QUITO;MOVIL;3;2315
1349;21/01/2020;R2;GUAYAQUIL;FIJO;15;2712
1350;04/08/2021;R1;QUITO;FIJO;20;275
1351;29/03/2020;R2;GUAYAQUIL;FIJO;10;545
1352;30/04/2021;R2;GUAYAQUIL;FIJO;11;1979
1353;25/08/2021;R2;GUAYAQUIL;MOVIL;17;1622
1354;26/12/2020;R2;GUAYAQUIL;MOVIL;18;2378
1355;04/05/2022;R2;GUAYAQUIL;MOVIL;18;1706
1356;21/06/2021;R2;GUAYAQUIL;FIJO;9;1028
1357;30/07/2021;R1;QUITO;MOVIL;8;1975
1358;18/12/2021;R1;QUITO;MOVIL;6;2471
1359;20/11/2020;R1;QUITO;MOVIL;4;981
1360;25/06/2020;R2;GUAYAQUIL;FIJO;17;2235
1361;15/05/2020;R1;QUITO;FIJO;7;2870
1362;31/10/2020;R1;QUITO;MOVIL;14;1914
1363;09/07/2021;R1;QUITO;MOVIL;19;1089
1364;24/02/2021;R1;QUITO;FIJO;4;1406
1365;21/01/2021;R2;GUAYAQUIL;FIJO;2;2230
1366;27/10/2021;R1;QUITO;MOVIL;15;1183
1367;05/05/2020;R1;QUITO;MOVIL;20;2677
1368;19/12/2020;R2;GUAYAQUIL;FIJO;17;962
1369;29/01/2022;R2;GUAYAQUIL;MOVIL;3;204
1370;24/09/2020;R2;GUAYAQUIL;FIJO;7;1401
1371;12/08/2021;R1;QUITO;MOVIL;4;2987
1372;04/01/2021;R1;QUITO;FIJO;3;512
1373;19/05/2022;R1;QUITO;FIJO;12;1585
1374;02/06/2020;R1;QUITO;FIJO;7;1088
1375;30/01/2021;R2;GUAYAQUIL;MOVIL;16;1112
1376;24/12/2020;R1;QUITO;FIJO;2;2289
1377;19/05/2021;R1;QUITO;FIJO;6;1041
1378;23/07/2020;R2;GUAYAQUIL;FIJO;2;664
1379;15/06/2021;R2;GUAYAQUIL;MOVIL;13;1367
1380;03/02/2021;R1;QUITO;FIJO;8;2768
1381;21/12/2020;R1;QUITO;FIJO;11;2604
1382;20/03/2022;R2;GUAYAQUIL;FIJO;14;2181
1383;22/07/2021;R1;QUITO;MOVIL;1;1293
1384;07/08/2021;R2;GUAYAQUIL;FIJO;7;579
1385;20/06/2020;R1;QUITO;FIJO;8;71
1386;15/11/2021;R2;GUAYAQUIL;FIJO;18;2521
1387;01/02/2021;R1;QUITO;MOVIL;7;1939
1388;09/05/2022;R1;QUITO;MOVIL;17;105
1389;19/04/2022;R2;GUAYAQUIL;MOVIL;8;19
1390;26/02/2021;R1;QUITO;MOVIL;7;1490
1391;31/07/2020;R1;QUITO;FIJO;9;2993
1392;16/04/2022;R1;QUITO;MOVIL;14;1967
1393;16/02/2022;R2;GUAYAQUIL;MOVIL;13;762
1394;13/03/2021;R1;QUITO;MOVIL;3;2152
1395;11/06/2020;R2;GUAYAQUIL;FIJO;17;1883
1396;20/10/2021;R2;GUAYAQUIL;MOVIL;1;1202
1397;13/01/2020;R1;QUITO;MOVIL;2;2806
1398;08/03/2022;R2;GUAYAQUIL;MOVIL;9;2982
1399;02/07/2020;R1;QUITO;FIJO;8;1370
1400;10/06/2020;R2;GUAYAQUIL;MOVIL;17;2799
1401;07/04/2021;R1;QUITO;MOVIL;14;2625
1402;03/07/2021;R2;GUAYAQUIL;FIJO;20;2255
1403;19/10/2021;R2;GUAYAQUIL;FIJO;2;2948
1404;23/01/2021;R2;GUAYAQUIL;MOVIL;5;1058
1405;17/11/2021;R2;GUAYAQUIL;FIJO;18;627
1406;27/01/2020;R1;QUITO;FIJO;10;15
1407;26/06/2021;R1;QUITO;MOVIL;10;2939
1408;24/06/2021;R1;QUITO;MOVIL;20;2924
1409;30/07/2020;R1;QUITO;MOVIL;6;1621
1410;04/05/2020;R1;QUITO;MOVIL;19;2058
1411;12/11/2020;R1;QUITO;MOVIL;3;2153
1412;21/07/2020;R1;QUITO;FIJO;4;2340
1413;12/11/2020;R1;QUITO;MOVIL;12;915
1414;13/09/2021;R1;QUITO;MOVIL;5;1917
1415;09/01/2021;R1;QUITO;FIJO;10;2295
1416;23/11/2021;R2;GUAYAQUIL;FIJO;14;528
1417;26/09/2020;R1;QUITO;FIJO;6;1123
1418;26/07/2021;R1;QUITO;FIJO;6;2601
1419;25/02/2021;R1;QUITO;MOVIL;17;662
1420;19/03/2020;R2;GUAYAQUIL;MOVIL;20;1212
1421;30/06/2021;R2;GUAYAQUIL;FIJO;11;1388
1422;24/01/2021;R1;QUITO;MOVIL;19;2529
1423;01/07/2021;R1;QUITO;MOVIL;19;1418
1424;07/02/2022;R1;QUITO;MOVIL;11;2753
1425;26/08/2021;R2;GUAYAQUIL;MOVIL;6;546
1426;16/02/2020;R2;GUAYAQUIL;FIJO;20;2316
1427;13/02/2022;R1;QUITO;FIJO;13;1363
1428;27/11/2021;R1;QUITO;FIJO;20;139
1429;01/03/2020;R2;GUAYAQUIL;MOVIL;19;794
1430;25/02/2021;R2;GUAYAQUIL;FIJO;10;1582
1431;02/01/2021;R1;QUITO;FIJO;11;2329
1432;02/12/2020;R2;GUAYAQUIL;FIJO;8;2768
1433;21/10/2020;R1;QUITO;FIJO;2;1938
1434;25/04/2021;R1;QUITO;FIJO;4;1265
1435;27/11/2020;R1;QUITO;FIJO;14;1419
1436;17/12/2021;R2;GUAYAQUIL;FIJO;1;2391
1437;08/06/2021;R1;QUITO;FIJO;16;2958
1438;29/02/2020;R2;GUAYAQUIL;MOVIL;12;2355
1439;17/04/2021;R1;QUITO;FIJO;9;2745
1440;05/02/2020;R2;GUAYAQUIL;FIJO;7;2241
1441;07/06/2021;R2;GUAYAQUIL;FIJO;1;1166
1442;09/01/2022;R1;QUITO;FIJO;8;2891
1443;31/08/2020;R1;QUITO;FIJO;13;2314
1444;05/06/2020;R1;QUITO;MOVIL;19;604
1445;03/05/2020;R2;GUAYAQUIL;FIJO;16;668
1446;20/06/2021;R2;GUAYAQUIL;MOVIL;7;1307
1447;01/09/2020;R2;GUAYAQUIL;FIJO;9;2031
1448;13/02/2021;R2;GUAYAQUIL;FIJO;13;2498
1449;31/05/2021;R2;GUAYAQUIL;FIJO;17;647
1450;08/01/2021;R2;GUAYAQUIL;FIJO;16;600
1451;06/12/2020;R1;QUITO;FIJO;10;953
1452;29/04/2021;R1;QUITO;MOVIL;14;2512
1453;01/04/2021;R1;QUITO;FIJO;17;574
1454;12/08/2020;R2;GUAYAQUIL;FIJO;5;1132
1455;10/01/2020;R1;QUITO;MOVIL;18;1687
1456;09/05/2020;R1;QUITO;MOVIL;17;2228
1457;13/09/2021;R1;QUITO;FIJO;7;295
1458;15/06/2021;R2;GUAYAQUIL;FIJO;10;1988
1459;02/02/2022;R1;QUITO;MOVIL;11;2791
1460;19/09/2020;R2;GUAYAQUIL;FIJO;12;1246
1461;15/12/2021;R2;GUAYAQUIL;MOVIL;4;2793
1462;22/03/2021;R1;QUITO;MOVIL;12;28
1463;10/05/2020;R1;QUITO;FIJO;15;2862
1464;19/01/2020;R2;GUAYAQUIL;FIJO;9;534
1465;19/07/2021;R2;GUAYAQUIL;FIJO;16;845
1466;04/03/2022;R2;GUAYAQUIL;FIJO;4;1915
1467;24/02/2020;R2;GUAYAQUIL;MOVIL;6;1572
1468;31/08/2021;R2;GUAYAQUIL;MOVIL;12;2078
1469;17/10/2020;R1;QUITO;MOVIL;17;2122
1470;20/08/2021;R2;GUAYAQUIL;MOVIL;2;856
1471;08/04/2021;R2;GUAYAQUIL;FIJO;5;1613
1472;21/08/2021;R1;QUITO;FIJO;5;896
1473;13/07/2020;R1;QUITO;MOVIL;19;2033
1474;12/06/2021;R1;QUITO;FIJO;11;774
1475;19/04/2020;R1;QUITO;MOVIL;8;1297
1476;25/07/2021;R1;QUITO;MOVIL;5;2869
1477;17/03/2022;R2;GUAYAQUIL;FIJO;2;1549
1478;26/02/2022;R1;QUITO;MOVIL;7;2467
1479;30/12/2021;R1;QUITO;MOVIL;5;2901
1480;11/07/2020;R2;GUAYAQUIL;FIJO;20;2635
1481;17/06/2021;R2;GUAYAQUIL;MOVIL;10;2602
1482;13/03/2022;R1;QUITO;MOVIL;1;2625
1483;02/10/2020;R2;GUAYAQUIL;MOVIL;1;2252
1484;12/11/2020;R1;QUITO;FIJO;5;1596
1485;04/09/2020;R1;QUITO;MOVIL;17;2392
1486;03/12/2021;R2;GUAYAQUIL;MOVIL;9;874
1487;20/07/2021;R2;GUAYAQUIL;FIJO;15;1372
1488;14/04/2020;R2;GUAYAQUIL;MOVIL;9;858
1489;20/07/2021;R2;GUAYAQUIL;FIJO;14;164
1490;17/08/2020;R2;GUAYAQUIL;MOVIL;10;2013
1491;05/03/2020;R2;GUAYAQUIL;FIJO;10;1890
1492;14/02/2020;R2;GUAYAQUIL;FIJO;16;663
1493;05/06/2021;R2;GUAYAQUIL;MOVIL;19;2354
1494;16/09/2020;R1;QUITO;FIJO;10;141
1495;31/01/2022;R2;GUAYAQUIL;FIJO;15;2211
1496;25/08/2020;R1;QUITO;FIJO;13;2265
1497;15/08/2021;R2;GUAYAQUIL;MOVIL;14;2059
1498;14/08/2021;R1;QUITO;FIJO;10;1431
1499;22/01/2022;R2;GUAYAQUIL;FIJO;15;224
1500;08/06/2020;R1;QUITO;FIJO;8;1293
1501;01/05/2020;R1;QUITO;MOVIL;18;1209
1502;02/06/2021;R1;QUITO;FIJO;8;1260
1503;03/11/2020;R2;GUAYAQUIL;FIJO;5;253
1504;23/05/2021;R2;GUAYAQUIL;MOVIL;17;1576
1505;25/07/2020;R2;GUAYAQUIL;MOVIL;15;1314
1506;03/11/2020;R2;GUAYAQUIL;MOVIL;18;1989
1507;08/02/2022;R2;GUAYAQUIL;FIJO;2;400
1508;26/03/2020;R1;QUITO;MOVIL;16;243
1509;10/12/2021;R2;GUAYAQUIL;MOVIL;3;1305
1510;03/08/2021;R1;QUITO;FIJO;5;1839
1511;19/09/2020;R1;QUITO;FIJO;11;2745
1512;11/02/2021;R2;GUAYAQUIL;MOVIL;4;2710
1513;19/03/2022;R2;GUAYAQUIL;MOVIL;20;2112
1514;29/02/2020;R1;QUITO;MOVIL;11;1377
1515;16/10/2020;R1;QUITO;FIJO;15;2374
1516;30/03/2020;R2;GUAYAQUIL;FIJO;16;354
1517;28/05/2020;R2;GUAYAQUIL;MOVIL;20;518
1518;02/01/2022;R2;GUAYAQUIL;MOVIL;12;1550
1519;08/04/2022;R2;GUAYAQUIL;MOVIL;13;133
1520;14/04/2021;R1;QUITO;FIJO;17;3000
1521;07/10/2020;R1;QUITO;FIJO;3;1444
1522;09/08/2021;R1;QUITO;MOVIL;14;1697
1523;12/02/2022;R2;GUAYAQUIL;MOVIL;10;2840
1524;14/06/2020;R1;QUITO;MOVIL;5;2898
1525;16/11/2021;R1;QUITO;MOVIL;14;1911
1526;21/11/2020;R1;QUITO;FIJO;4;468
1527;19/03/2020;R1;QUITO;MOVIL;17;729
1528;27/01/2020;R1;QUITO;MOVIL;14;2380
1529;23/03/2022;R2;GUAYAQUIL;FIJO;7;424
1530;12/05/2020;R1;QUITO;FIJO;16;676
1531;29/04/2021;R1;QUITO;MOVIL;3;444
1532;26/05/2022;R1;QUITO;MOVIL;4;2459
1533;20/04/2021;R1;QUITO;FIJO;4;818
1534;28/08/2020;R1;QUITO;FIJO;6;610
1535;08/03/2022;R1;QUITO;MOVIL;5;1796
1536;18/11/2020;R1;QUITO;FIJO;8;1630
1537;05/01/2022;R2;GUAYAQUIL;MOVIL;6;1372
1538;22/08/2021;R1;QUITO;FIJO;13;1351
1539;05/03/2020;R1;QUITO;MOVIL;15;2071
1540;10/01/2020;R1;QUITO;FIJO;7;1656
1541;15/06/2021;R2;GUAYAQUIL;FIJO;18;2443
1542;02/06/2021;R2;GUAYAQUIL;FIJO;1;188
1543;01/05/2022;R1;QUITO;FIJO;7;2306
1544;11/08/2021;R2;GUAYAQUIL;FIJO;19;2545
1545;03/12/2020;R1;QUITO;FIJO;10;2421
1546;15/04/2021;R1;QUITO;FIJO;11;665
1547;28/02/2020;R2;GUAYAQUIL;FIJO;6;1259
1548;16/02/2021;R1;QUITO;FIJO;15;1949
1549;11/04/2021;R1;QUITO;MOVIL;6;1216
1550;18/07/2020;R1;QUITO;MOVIL;13;1912
1551;07/07/2020;R2;GUAYAQUIL;FIJO;9;2887
1552;11/11/2020;R1;QUITO;MOVIL;11;1077
1553;13/02/2022;R2;GUAYAQUIL;FIJO;12;851
1554;25/02/2021;R1;QUITO;FIJO;16;769
1555;13/05/2022;R2;GUAYAQUIL;MOVIL;10;2027
1556;14/12/2021;R2;GUAYAQUIL;FIJO;2;2275
1557;07/05/2020;R2;GUAYAQUIL;MOVIL;19;2002
1558;04/04/2020;R1;QUITO;MOVIL;8;2443
1559;12/04/2022;R2;GUAYAQUIL;FIJO;2;1225
1560;31/08/2021;R2;GUAYAQUIL;MOVIL;20;2499
1561;09/02/2020;R2;GUAYAQUIL;MOVIL;17;2905
1562;10/12/2020;R1;QUITO;MOVIL;5;2903
1563;21/02/2020;R1;QUITO;FIJO;1;2741
1564;20/02/2020;R1;QUITO;FIJO;15;368
1565;27/12/2020;R1;QUITO;FIJO;13;1828
1566;23/12/2020;R2;GUAYAQUIL;MOVIL;16;1104
1567;25/03/2020;R2;GUAYAQUIL;MOVIL;13;1840
1568;11/02/2021;R2;GUAYAQUIL;MOVIL;17;612
1569;18/03/2022;R2;GUAYAQUIL;MOVIL;3;2968
1570;06/01/2020;R1;QUITO;FIJO;7;82
1571;01/09/2021;R1;QUITO;MOVIL;6;1388
1572;09/08/2020;R1;QUITO;MOVIL;14;824
1573;08/03/2022;R2;GUAYAQUIL;MOVIL;3;2458
1574;27/09/2020;R1;QUITO;MOVIL;11;1590
1575;27/02/2022;R1;QUITO;FIJO;12;1911
1576;03/11/2020;R2;GUAYAQUIL;MOVIL;9;433
1577;10/11/2021;R2;GUAYAQUIL;FIJO;7;567
1578;03/05/2021;R1;QUITO;FIJO;10;2157
1579;21/09/2020;R1;QUITO;MOVIL;6;1776
1580;04/10/2020;R1;QUITO;FIJO;19;2834
1581;27/02/2022;R2;GUAYAQUIL;FIJO;17;1824
1582;30/12/2020;R2;GUAYAQUIL;MOVIL;15;127
1583;27/02/2020;R1;QUITO;FIJO;2;2607
1584;09/04/2021;R1;QUITO;FIJO;7;565
1585;20/02/2021;R2;GUAYAQUIL;MOVIL;3;1694
1586;06/05/2021;R2;GUAYAQUIL;MOVIL;19;2309
1587;09/02/2021;R2;GUAYAQUIL;FIJO;13;1305
1588;22/04/2022;R1;QUITO;FIJO;9;2921
1589;01/06/2021;R2;GUAYAQUIL;MOVIL;8;2109
1590;07/11/2020;R2;GUAYAQUIL;FIJO;19;51
1591;25/10/2020;R1;QUITO;FIJO;17;1812
1592;23/07/2020;R1;QUITO;FIJO;19;2280
1593;10/10/2021;R2;GUAYAQUIL;FIJO;17;1253
1594;12/01/2021;R1;QUITO;FIJO;4;2120
1595;15/02/2021;R2;GUAYAQUIL;FIJO;12;402
1596;25/01/2020;R2;GUAYAQUIL;MOVIL;5;1846
1597;10/12/2021;R2;GUAYAQUIL;MOVIL;18;554
1598;23/05/2021;R1;QUITO;FIJO;16;339
1599;26/11/2020;R2;GUAYAQUIL;MOVIL;4;2277
1600;22/06/2021;R2;GUAYAQUIL;MOVIL;17;2570
1601;30/09/2021;R1;QUITO;MOVIL;12;714
1602;18/09/2020;R2;GUAYAQUIL;FIJO;20;2713
1603;08/08/2021;R2;GUAYAQUIL;FIJO;15;2663
1604;27/12/2021;R2;GUAYAQUIL;FIJO;5;515
1605;29/03/2020;R1;QUITO;FIJO;9;2163
1606;05/02/2021;R2;GUAYAQUIL;FIJO;10;2233
1607;07/11/2021;R1;QUITO;MOVIL;3;1368
1608;16/07/2021;R1;QUITO;FIJO;10;1945
1609;28/07/2020;R1;QUITO;FIJO;16;313
1610;19/06/2021;R2;GUAYAQUIL;MOVIL;2;2220
1611;03/09/2020;R2;GUAYAQUIL;FIJO;5;1274
1612;28/02/2022;R1;QUITO;MOVIL;9;507
1613;29/08/2021;R1;QUITO;MOVIL;4;1702
1614;19/04/2020;R2;GUAYAQUIL;FIJO;4;145
1615;20/07/2020;R2;GUAYAQUIL;FIJO;4;2229
1616;07/07/2020;R2;GUAYAQUIL;MOVIL;20;1867
1617;03/05/2021;R1;QUITO;MOVIL;13;2864
1618;19/07/2021;R2;GUAYAQUIL;MOVIL;4;1762
1619;15/04/2022;R1;QUITO;MOVIL;11;898
1620;07/05/2022;R2;GUAYAQUIL;MOVIL;13;2729
1621;26/10/2021;R2;GUAYAQUIL;MOVIL;14;1734
1622;24/10/2021;R1;QUITO;MOVIL;19;199
1623;22/05/2020;R2;GUAYAQUIL;FIJO;8;1526
1624;22/07/2021;R2;GUAYAQUIL;FIJO;1;412
1625;21/10/2020;R2;GUAYAQUIL;FIJO;19;1207
1626;22/01/2022;R1;QUITO;MOVIL;10;2439
1627;25/03/2022;R1;QUITO;FIJO;8;59
1628;14/12/2020;R2;GUAYAQUIL;MOVIL;11;1835
1629;29/01/2020;R1;QUITO;FIJO;19;323
1630;29/04/2022;R1;QUITO;FIJO;9;2562
1631;22/12/2021;R1;QUITO;FIJO;12;708
1632;09/08/2021;R1;QUITO;MOVIL;5;752
1633;17/06/2020;R2;GUAYAQUIL;FIJO;15;2130
1634;25/04/2022;R1;QUITO;MOVIL;2;1931
1635;22/03/2020;R1;QUITO;MOVIL;20;1479
1636;18/03/2022;R1;QUITO;FIJO;1;104
1637;25/05/2020;R2;GUAYAQUIL;MOVIL;1;2047
1638;20/05/2021;R1;QUITO;FIJO;15;2626
1639;12/02/2020;R2;GUAYAQUIL;MOVIL;16;1461
1640;26/10/2020;R1;QUITO;FIJO;19;1975
1641;30/04/2021;R2;GUAYAQUIL;MOVIL;18;992
1642;01/09/2020;R2;GUAYAQUIL;MOVIL;14;451
1643;13/10/2021;R2;GUAYAQUIL;FIJO;11;2155
1644;30/07/2021;R1;QUITO;MOVIL;19;2339
1645;25/01/2020;R1;QUITO;FIJO;11;1228
1646;23/09/2021;R1;QUITO;MOVIL;19;1916
1647;23/05/2020;R1;QUITO;FIJO;16;1934
1648;02/07/2021;R2;GUAYAQUIL;FIJO;4;550
1649;25/10/2021;R2;GUAYAQUIL;MOVIL;11;2811
1650;09/04/2020;R2;GUAYAQUIL;MOVIL;9;2589
1651;23/02/2022;R1;QUITO;MOVIL;18;984
1652;25/01/2022;R2;GUAYAQUIL;MOVIL;13;1779
1653;03/06/2021;R1;QUITO;FIJO;18;2033
1654;26/08/2021;R1;QUITO;FIJO;2;1694
1655;05/09/2020;R1;QUITO;FIJO;17;1700
1656;22/08/2021;R2;GUAYAQUIL;FIJO;12;2101
1657;19/11/2020;R1;QUITO;MOVIL;15;2277
1658;27/04/2022;R1;QUITO;FIJO;10;2060
1659;28/09/2020;R2;GUAYAQUIL;MOVIL;9;1621
1660;15/09/2021;R1;QUITO;MOVIL;1;1489
1661;17/12/2020;R2;GUAYAQUIL;FIJO;9;1911
1662;13/01/2021;R2;GUAYAQUIL;FIJO;20;375
1663;08/11/2020;R2;GUAYAQUIL;MOVIL;15;2209
1664;19/05/2022;R2;GUAYAQUIL;MOVIL;12;1077
1665;26/09/2021;R1;QUITO;FIJO;7;361
1666;31/03/2022;R1;QUITO;FIJO;13;147
1667;05/04/2020;R2;GUAYAQUIL;FIJO;2;1531
1668;03/09/2021;R1;QUITO;FIJO;16;2510
1669;25/08/2020;R2;GUAYAQUIL;MOVIL;3;2637
1670;25/05/2022;R1;QUITO;MOVIL;4;2586
1671;09/05/2022;R2;GUAYAQUIL;MOVIL;17;1656
1672;27/02/2021;R2;GUAYAQUIL;FIJO;13;489
1673;21/09/2020;R1;QUITO;MOVIL;2;2129
1674;23/04/2021;R1;QUITO;MOVIL;11;2453
1675;13/07/2021;R1;QUITO;MOVIL;7;1144
1676;17/07/2021;R1;QUITO;FIJO;20;559
1677;15/11/2021;R1;QUITO;FIJO;13;917
1678;03/10/2021;R1;QUITO;FIJO;15;766
1679;24/06/2020;R2;GUAYAQUIL;FIJO;7;2664
1680;30/12/2020;R1;QUITO;MOVIL;19;2616
1681;30/11/2020;R2;GUAYAQUIL;FIJO;7;2006
1682;11/01/2022;R1;QUITO;MOVIL;19;2938
1683;22/08/2020;R2;GUAYAQUIL;FIJO;19;1768
1684;13/05/2022;R1;QUITO;FIJO;14;1702
1685;18/11/2021;R2;GUAYAQUIL;MOVIL;6;1533
1686;28/03/2020;R1;QUITO;MOVIL;15;1796
1687;25/01/2020;R2;GUAYAQUIL;FIJO;5;1043
1688;27/05/2021;R2;GUAYAQUIL;MOVIL;19;1670
1689;11/11/2021;R1;QUITO;MOVIL;7;2696
1690;08/04/2020;R2;GUAYAQUIL;FIJO;10;498
1691;15/01/2020;R2;GUAYAQUIL;MOVIL;8;2287
1692;20/04/2020;R1;QUITO;FIJO;2;1774
1693;01/03/2020;R2;GUAYAQUIL;FIJO;3;1772
1694;09/12/2020;R2;GUAYAQUIL;MOVIL;13;907
1695;03/01/2021;R2;GUAYAQUIL;MOVIL;10;570
1696;01/10/2021;R1;QUITO;FIJO;10;2541
1697;19/04/2022;R1;QUITO;FIJO;7;1465
1698;04/01/2022;R2;GUAYAQUIL;MOVIL;1;1071
1699;09/06/2021;R1;QUITO;MOVIL;5;1581
1700;15/04/2021;R2;GUAYAQUIL;MOVIL;18;959
1701;19/07/2020;R2;GUAYAQUIL;MOVIL;14;2922
1702;02/06/2021;R1;QUITO;FIJO;5;2014
1703;15/11/2021;R1;QUITO;FIJO;9;2344
1704;19/04/2020;R1;QUITO;MOVIL;5;2604
1705;28/12/2021;R2;GUAYAQUIL;FIJO;12;306
1706;01/05/2022;R1;QUITO;FIJO;8;599
1707;11/01/2021;R2;GUAYAQUIL;FIJO;9;569
1708;06/12/2021;R1;QUITO;FIJO;13;1677
1709;29/05/2022;R2;GUAYAQUIL;MOVIL;6;1806
1710;05/03/2021;R1;QUITO;FIJO;4;148
1711;15/08/2020;R1;QUITO;FIJO;17;1764
1712;20/01/2020;R1;QUITO;FIJO;13;240
1713;14/05/2021;R2;GUAYAQUIL;FIJO;2;525
1714;07/04/2020;R1;QUITO;MOVIL;3;498
1715;26/01/2020;R1;QUITO;MOVIL;6;2647
1716;27/03/2021;R2;GUAYAQUIL;MOVIL;1;2346
1717;11/12/2020;R1;QUITO;MOVIL;17;498
1718;27/06/2020;R2;GUAYAQUIL;FIJO;18;792
1719;26/02/2020;R1;QUITO;MOVIL;13;2409
1720;09/01/2020;R1;QUITO;FIJO;15;1358
1721;07/07/2020;R1;QUITO;MOVIL;20;2697
1722;08/04/2020;R2;GUAYAQUIL;FIJO;3;949
1723;24/12/2021;R1;QUITO;FIJO;18;899
1724;04/08/2020;R1;QUITO;MOVIL;4;2800
1725;05/01/2021;R1;QUITO;MOVIL;4;2865
1726;14/10/2020;R1;QUITO;MOVIL;4;702
1727;13/02/2020;R1;QUITO;FIJO;7;2958
1728;30/11/2021;R1;QUITO;MOVIL;9;2771
1729;28/02/2020;R1;QUITO;MOVIL;9;599
1730;08/10/2020;R1;QUITO;FIJO;4;2754
1731;14/07/2020;R1;QUITO;MOVIL;2;1731
1732;19/05/2022;R2;GUAYAQUIL;FIJO;1;2979
1733;04/12/2021;R1;QUITO;MOVIL;12;380
1734;28/07/2021;R1;QUITO;MOVIL;19;2436
1735;19/04/2022;R2;GUAYAQUIL;MOVIL;12;342
1736;09/07/2020;R2;GUAYAQUIL;MOVIL;17;2056
1737;16/04/2021;R1;QUITO;MOVIL;18;2679
1738;15/09/2021;R1;QUITO;FIJO;8;522
1739;16/01/2021;R1;QUITO;MOVIL;3;244
1740;24/07/2021;R1;QUITO;FIJO;7;330
1741;09/04/2022;R1;QUITO;FIJO;3;2654
1742;25/03/2020;R2;GUAYAQUIL;MOVIL;10;1988
1743;11/08/2020;R1;QUITO;FIJO;13;2874
1744;28/02/2021;R2;GUAYAQUIL;MOVIL;16;1856
1745;20/04/2021;R2;GUAYAQUIL;MOVIL;7;882
1746;11/07/2020;R1;QUITO;MOVIL;13;56
1747;19/05/2021;R1;QUITO;FIJO;3;636
1748;15/02/2022;R2;GUAYAQUIL;MOVIL;1;1142
1749;28/10/2021;R1;QUITO;MOVIL;8;1316
1750;16/06/2020;R2;GUAYAQUIL;MOVIL;14;1610
1751;14/09/2021;R1;QUITO;MOVIL;11;2828
1752;28/10/2020;R1;QUITO;MOVIL;4;2914
1753;09/03/2020;R2;GUAYAQUIL;MOVIL;6;2266
1754;28/05/2020;R1;QUITO;FIJO;14;1801
1755;22/06/2021;R2;GUAYAQUIL;FIJO;8;161
1756;31/03/2020;R2;GUAYAQUIL;FIJO;14;190
1757;10/10/2020;R2;GUAYAQUIL;FIJO;1;1198
1758;26/01/2021;R2;GUAYAQUIL;FIJO;13;339
1759;14/02/2021;R1;QUITO;FIJO;16;1868
1760;10/04/2021;R1;QUITO;MOVIL;2;1974
1761;10/03/2022;R1;QUITO;MOVIL;7;553
1762;12/07/2020;R2;GUAYAQUIL;MOVIL;1;332
1763;24/08/2021;R1;QUITO;MOVIL;11;1021
1764;29/02/2020;R1;QUITO;FIJO;2;2505
1765;19/05/2022;R1;QUITO;MOVIL;11;1441
1766;25/06/2020;R2;GUAYAQUIL;FIJO;10;2392
1767;08/05/2021;R1;QUITO;MOVIL;5;2144
1768;28/04/2020;R2;GUAYAQUIL;MOVIL;14;498
1769;13/01/2022;R1;QUITO;MOVIL;12;264
1770;12/11/2020;R2;GUAYAQUIL;MOVIL;11;1613
1771;02/03/2021;R2;GUAYAQUIL;MOVIL;5;2616
1772;29/04/2021;R1;QUITO;MOVIL;5;1173
1773;11/12/2021;R2;GUAYAQUIL;FIJO;18;2162
1774;16/08/2021;R1;QUITO;FIJO;10;2081
1775;12/08/2021;R1;QUITO;FIJO;3;2120
1776;22/10/2021;R1;QUITO;MOVIL;2;1494
1777;24/12/2020;R2;GUAYAQUIL;FIJO;14;2691
1778;17/12/2021;R2;GUAYAQUIL;MOVIL;1;2548
1779;13/06/2021;R1;QUITO;MOVIL;15;2828
1780;29/04/2021;R2;GUAYAQUIL;FIJO;2;2779
1781;08/08/2021;R2;GUAYAQUIL;MOVIL;5;2928
1782;27/08/2021;R1;QUITO;MOVIL;4;1121
1783;13/01/2022;R2;GUAYAQUIL;FIJO;1;2113
1784;25/08/2020;R1;QUITO;MOVIL;7;80
1785;04/07/2021;R2;GUAYAQUIL;MOVIL;2;873
1786;18/01/2021;R1;QUITO;MOVIL;13;2229
1787;09/07/2020;R1;QUITO;MOVIL;6;1722
1788;30/05/2021;R1;QUITO;MOVIL;3;2189
1789;23/07/2021;R2;GUAYAQUIL;FIJO;1;1757
1790;05/05/2020;R2;GUAYAQUIL;FIJO;13;1578
1791;01/05/2020;R1;QUITO;FIJO;9;1720
1792;20/10/2020;R1;QUITO;MOVIL;16;580
1793;18/04/2022;R1;QUITO;MOVIL;17;2825
1794;27/04/2021;R2;GUAYAQUIL;FIJO;4;1020
1795;11/04/2020;R2;GUAYAQUIL;MOVIL;8;458
1796;03/01/2020;R2;GUAYAQUIL;FIJO;7;2091
1797;14/10/2021;R2;GUAYAQUIL;FIJO;1;125
1798;30/04/2021;R1;QUITO;FIJO;18;1493
1799;05/09/2020;R1;QUITO;MOVIL;19;1642
1800;21/01/2022;R1;QUITO;FIJO;19;218
1801;19/05/2020;R2;GUAYAQUIL;MOVIL;11;293
1802;09/08/2021;R1;QUITO;FIJO;17;38
1803;01/02/2022;R1;QUITO;MOVIL;8;448
1804;15/09/2020;R2;GUAYAQUIL;FIJO;7;1930
1805;24/01/2022;R1;QUITO;FIJO;20;610
1806;15/03/2022;R1;QUITO;FIJO;17;2061
1807;18/11/2020;R1;QUITO;FIJO;14;2219
1808;08/01/2021;R2;GUAYAQUIL;FIJO;18;1582
1809;03/10/2020;R2;GUAYAQUIL;MOVIL;6;22
1810;13/10/2020;R1;QUITO;FIJO;1;197
1811;11/11/2021;R2;GUAYAQUIL;MOVIL;7;84
1812;13/11/2021;R2;GUAYAQUIL;MOVIL;7;2904
1813;16/04/2020;R2;GUAYAQUIL;FIJO;6;2929
1814;16/11/2020;R1;QUITO;FIJO;6;2359
1815;02/04/2020;R2;GUAYAQUIL;MOVIL;14;1236
1816;16/01/2020;R2;GUAYAQUIL;MOVIL;19;2833
1817;28/12/2021;R1;QUITO;FIJO;7;2966
1818;15/01/2020;R1;QUITO;FIJO;16;2510
1819;12/12/2020;R1;QUITO;MOVIL;1;109
1820;24/08/2021;R2;GUAYAQUIL;FIJO;13;1397
1821;01/07/2020;R1;QUITO;FIJO;19;1217
1822;26/06/2021;R2;GUAYAQUIL;MOVIL;13;1316
1823;23/10/2021;R1;QUITO;MOVIL;19;1419
1824;23/05/2021;R1;QUITO;MOVIL;12;1274
1825;07/07/2020;R1;QUITO;MOVIL;10;711
1826;20/09/2020;R2;GUAYAQUIL;FIJO;3;2820
1827;10/04/2022;R2;GUAYAQUIL;FIJO;2;2601
1828;04/08/2021;R2;GUAYAQUIL;FIJO;15;1977
1829;20/02/2021;R1;QUITO;FIJO;4;1871
1830;22/05/2020;R2;GUAYAQUIL;FIJO;9;1529
1831;21/03/2021;R1;QUITO;FIJO;6;902
1832;26/03/2020;R1;QUITO;FIJO;20;1849
1833;12/05/2021;R1;QUITO;FIJO;5;200
1834;16/12/2020;R1;QUITO;MOVIL;3;574
1835;29/01/2022;R2;GUAYAQUIL;FIJO;6;336
1836;30/07/2020;R1;QUITO;MOVIL;2;122
1837;21/01/2020;R2;GUAYAQUIL;MOVIL;5;2984
1838;11/11/2020;R2;GUAYAQUIL;MOVIL;4;1975
1839;03/08/2021;R2;GUAYAQUIL;MOVIL;10;933
1840;15/02/2021;R1;QUITO;FIJO;4;1806
1841;30/06/2020;R1;QUITO;FIJO;17;2894
1842;15/10/2021;R2;GUAYAQUIL;FIJO;2;2518
1843;24/12/2020;R1;QUITO;MOVIL;9;1567
1844;14/02/2020;R2;GUAYAQUIL;FIJO;17;2104
1845;12/02/2021;R2;GUAYAQUIL;FIJO;14;1779
1846;12/03/2020;R1;QUITO;MOVIL;15;2581
1847;01/04/2021;R1;QUITO;MOVIL;16;1458
1848;22/05/2021;R1;QUITO;MOVIL;19;646
1849;11/02/2020;R2;GUAYAQUIL;MOVIL;16;2471
1850;23/09/2020;R2;GUAYAQUIL;FIJO;15;2868
1851;24/09/2020;R1;QUITO;MOVIL;15;405
1852;24/04/2022;R1;QUITO;FIJO;1;1396
1853;28/03/2021;R2;GUAYAQUIL;FIJO;1;1511
1854;15/05/2021;R2;GUAYAQUIL;MOVIL;15;2602
1855;14/02/2020;R2;GUAYAQUIL;MOVIL;8;306
1856;21/10/2021;R1;QUITO;FIJO;17;976
1857;01/09/2020;R1;QUITO;MOVIL;12;2711
1858;18/02/2022;R2;GUAYAQUIL;FIJO;17;1342
1859;10/03/2022;R2;GUAYAQUIL;MOVIL;7;1019
1860;18/12/2021;R1;QUITO;MOVIL;15;248
1861;26/01/2021;R1;QUITO;FIJO;4;385
1862;12/02/2021;R1;QUITO;FIJO;13;1802
1863;24/12/2021;R2;GUAYAQUIL;MOVIL;10;1967
1864;21/04/2020;R2;GUAYAQUIL;FIJO;11;364
1865;26/09/2020;R2;GUAYAQUIL;MOVIL;3;107
1866;06/04/2021;R1;QUITO;MOVIL;11;1643
1867;22/04/2021;R2;GUAYAQUIL;FIJO;7;1139
1868;05/01/2020;R1;QUITO;FIJO;17;2659
1869;28/10/2021;R2;GUAYAQUIL;FIJO;17;2173
1870;16/02/2022;R1;QUITO;MOVIL;6;1920
1871;11/06/2021;R2;GUAYAQUIL;MOVIL;18;1700
1872;05/04/2021;R2;GUAYAQUIL;FIJO;1;2899
1873;17/01/2022;R1;QUITO;MOVIL;4;2149
1874;27/04/2020;R2;GUAYAQUIL;MOVIL;19;240
1875;04/12/2021;R2;GUAYAQUIL;MOVIL;19;2345
1876;20/08/2021;R1;QUITO;FIJO;17;1259
1877;04/01/2022;R1;QUITO;MOVIL;6;171
1878;06/09/2020;R2;GUAYAQUIL;FIJO;19;1360
1879;25/06/2021;R1;QUITO;FIJO;20;876
1880;10/09/2020;R1;QUITO;MOVIL;5;1072
1881;25/11/2021;R1;QUITO;FIJO;2;51
1882;10/07/2020;R1;QUITO;MOVIL;9;1442
1883;21/01/2021;R2;GUAYAQUIL;MOVIL;14;479
1884;09/07/2020;R1;QUITO;FIJO;8;447
1885;16/08/2021;R2;GUAYAQUIL;FIJO;15;2761
1886;22/03/2021;R2;GUAYAQUIL;MOVIL;19;2209
1887;27/06/2021;R2;GUAYAQUIL;MOVIL;12;793
1888;12/06/2020;R2;GUAYAQUIL;FIJO;18;1749
1889;28/04/2021;R2;GUAYAQUIL;MOVIL;14;2364
1890;09/10/2021;R2;GUAYAQUIL;MOVIL;6;1805
1891;29/08/2020;R2;GUAYAQUIL;MOVIL;12;2624
1892;31/07/2021;R2;GUAYAQUIL;FIJO;18;2881
1893;14/11/2021;R1;QUITO;MOVIL;2;828
1894;15/06/2020;R1;QUITO;MOVIL;13;2173
1895;07/02/2020;R1;QUITO;MOVIL;15;2524
1896;29/08/2021;R2;GUAYAQUIL;FIJO;1;398
1897;27/06/2021;R1;QUITO;FIJO;7;1890
1898;21/03/2020;R1;QUITO;FIJO;4;1919
1899;31/12/2021;R1;QUITO;FIJO;9;1666
1900;24/09/2021;R2;GUAYAQUIL;MOVIL;12;2373
1901;08/12/2021;R1;QUITO;FIJO;20;1251
1902;04/11/2020;R1;QUITO;FIJO;2;1252
1903;12/07/2021;R1;QUITO;MOVIL;2;1275
1904;18/01/2020;R2;GUAYAQUIL;FIJO;9;1252
1905;25/10/2020;R1;QUITO;FIJO;3;2539
1906;25/10/2020;R2;GUAYAQUIL;MOVIL;13;1622
1907;26/03/2022;R1;QUITO;FIJO;17;1145
1908;07/01/2021;R2;GUAYAQUIL;FIJO;7;411
1909;22/02/2020;R2;GUAYAQUIL;FIJO;20;697
1910;18/04/2020;R2;GUAYAQUIL;FIJO;13;2749
1911;26/08/2021;R1;QUITO;MOVIL;16;1519
1912;30/05/2022;R2;GUAYAQUIL;FIJO;16;2165
1913;01/09/2020;R2;GUAYAQUIL;MOVIL;16;1744
1914;12/08/2020;R2;GUAYAQUIL;FIJO;6;1334
1915;09/01/2020;R1;QUITO;FIJO;7;1558
1916;26/01/2021;R1;QUITO;MOVIL;2;1440
1917;28/12/2021;R1;QUITO;MOVIL;20;2473
1918;22/06/2020;R2;GUAYAQUIL;FIJO;1;1260
1919;30/03/2022;R1;QUITO;MOVIL;8;476
1920;14/01/2021;R2;GUAYAQUIL;MOVIL;18;1516
1921;27/10/2021;R2;GUAYAQUIL;MOVIL;2;581
1922;22/04/2022;R1;QUITO;FIJO;11;871
1923;31/03/2022;R1;QUITO;MOVIL;7;1213
1924;02/05/2022;R2;GUAYAQUIL;FIJO;7;2472
1925;05/03/2021;R2;GUAYAQUIL;MOVIL;8;154
1926;01/12/2021;R2;GUAYAQUIL;FIJO;7;406
1927;11/12/2021;R2;GUAYAQUIL;MOVIL;10;919
1928;28/12/2020;R2;GUAYAQUIL;MOVIL;1;1958
1929;14/03/2021;R2;GUAYAQUIL;FIJO;18;479
1930;15/08/2020;R1;QUITO;FIJO;15;2513
1931;17/08/2021;R2;GUAYAQUIL;MOVIL;18;1995
1932;18/07/2020;R2;GUAYAQUIL;MOVIL;8;1072
1933;20/10/2021;R2;GUAYAQUIL;MOVIL;16;2175
1934;15/12/2021;R1;QUITO;FIJO;7;547
1935;30/04/2022;R2;GUAYAQUIL;MOVIL;3;979
1936;09/04/2021;R2;GUAYAQUIL;FIJO;13;2358
1937;17/12/2020;R1;QUITO;MOVIL;7;2297
1938;31/07/2020;R1;QUITO;FIJO;18;2679
1939;10/11/2020;R1;QUITO;MOVIL;1;1630
1940;21/05/2022;R2;GUAYAQUIL;FIJO;10;78
1941;28/10/2021;R2;GUAYAQUIL;FIJO;14;801
1942;13/09/2021;R1;QUITO;FIJO;4;2817
1943;11/11/2021;R2;GUAYAQUIL;MOVIL;18;2100
1944;16/05/2022;R1;QUITO;FIJO;14;1164
1945;30/04/2022;R2;GUAYAQUIL;FIJO;5;1487
1946;24/07/2020;R1;QUITO;FIJO;12;1917
1947;18/04/2021;R2;GUAYAQUIL;MOVIL;2;436
1948;14/04/2020;R2;GUAYAQUIL;FIJO;20;2684
1949;28/01/2020;R2;GUAYAQUIL;MOVIL;1;1202
1950;09/05/2021;R1;QUITO;FIJO;5;288
1951;03/02/2020;R1;QUITO;MOVIL;17;2049
1952;04/03/2022;R2;GUAYAQUIL;MOVIL;12;1033
1953;31/05/2020;R2;GUAYAQUIL;FIJO;12;212
1954;19/05/2021;R2;GUAYAQUIL;MOVIL;11;2432
1955;01/03/2021;R1;QUITO;FIJO;19;1177
1956;16/10/2020;R2;GUAYAQUIL;MOVIL;10;2708
1957;08/11/2020;R2;GUAYAQUIL;FIJO;8;949
1958;28/12/2021;R1;QUITO;MOVIL;6;1817
1959;21/07/2021;R2;GUAYAQUIL;FIJO;9;2817
1960;27/07/2021;R2;GUAYAQUIL;FIJO;8;2731
1961;15/11/2020;R1;QUITO;FIJO;8;532
1962;29/03/2021;R1;QUITO;MOVIL;17;2455
1963;17/03/2021;R2;GUAYAQUIL;MOVIL;12;2145
1964;07/02/2021;R2;GUAYAQUIL;MOVIL;18;1282
1965;13/12/2021;R2;GUAYAQUIL;MOVIL;6;2289
1966;18/07/2020;R1;QUITO;MOVIL;9;988
1967;04/07/2020;R2;GUAYAQUIL;FIJO;20;2590
1968;22/03/2021;R2;GUAYAQUIL;FIJO;16;869
1969;08/11/2021;R1;QUITO;MOVIL;10;2774
1970;14/01/2020;R1;QUITO;MOVIL;12;2968
1971;31/05/2022;R1;QUITO;MOVIL;1;41
1972;31/03/2020;R2;GUAYAQUIL;FIJO;8;2192
1973;24/12/2021;R2;GUAYAQUIL;FIJO;19;2753
1974;28/12/2020;R1;QUITO;MOVIL;2;573
1975;25/06/2021;R2;GUAYAQUIL;FIJO;15;1923
1976;09/02/2022;R1;QUITO;FIJO;7;2852
1977;25/12/2021;R2;GUAYAQUIL;FIJO;2;1208
